TIMESTAMP,TRACK_ID,OBJECT_TYPE,X,Y,CITY_NAME
315968725.0260793,00000000-0000-0000-0000-000000000000,AV,502.47981215749434,2354.970757755973,MIA
315968725.0260793,00000000-0000-0000-0000-000000025549,OTHERS,469.5086295415385,2352.720256679992,MIA
315968725.0260793,00000000-0000-0000-0000-000000025589,OTHERS,527.2495588668812,2350.6821777904142,MIA
315968725.0260793,00000000-0000-0000-0000-000000025797,OTHERS,438.61341165050146,2347.982505296452,MIA
315968725.0260793,00000000-0000-0000-0000-000000025787,OTHERS,492.55820148427046,2343.332963055629,MIA
315968725.0260793,00000000-0000-0000-0000-000000025350,OTHERS,552.9506102487339,2354.8897926122795,MIA
315968725.0260793,00000000-0000-0000-0000-000000025798,OTHERS,541.7582901981503,2348.9549784541227,MIA
315968725.0260793,00000000-0000-0000-0000-000000025776,OTHERS,459.0939145791141,2348.5316089829817,MIA
315968725.0260793,00000000-0000-0000-0000-000000025603,OTHERS,548.2914389381501,2357.4726499062544,MIA
315968725.0260793,00000000-0000-0000-0000-000000025755,OTHERS,466.9970711096785,2355.3811397340028,MIA
315968725.0260793,00000000-0000-0000-0000-000000025558,OTHERS,554.8232372636184,2350.143693083182,MIA
315968725.0260793,00000000-0000-0000-0000-000000025772,OTHERS,479.2660847078984,2349.581467862697,MIA
315968725.0260793,00000000-0000-0000-0000-000000025759,OTHERS,530.8045108141881,2401.7376180336732,MIA
315968725.0260793,00000000-0000-0000-0000-000000025791,OTHERS,507.15412580911277,2347.656362337829,MIA
315968725.0260793,00000000-0000-0000-0000-000000025773,OTHERS,568.2217307827418,2346.221902324497,MIA
315968725.0260793,00000000-0000-0000-0000-000000025591,OTHERS,541.9564273633844,2353.997473779133,MIA
315968725.0260793,00000000-0000-0000-0000-000000025732,AGENT,506.1290668645393,2351.887964658763,MIA
315968725.1252767,00000000-0000-0000-0000-000000000000,AV,501.40006362784055,2354.888125336157,MIA
315968725.1252767,00000000-0000-0000-0000-000000025549,OTHERS,468.3455092183725,2352.643915072085,MIA
315968725.1252767,00000000-0000-0000-0000-000000025589,OTHERS,527.9474594453267,2350.675345162025,MIA
315968725.1252767,00000000-0000-0000-0000-000000025350,OTHERS,553.3921071645334,2355.04063696754,MIA
315968725.1252767,00000000-0000-0000-0000-000000025798,OTHERS,542.1160132030268,2349.258722385398,MIA
315968725.1252767,00000000-0000-0000-0000-000000025787,OTHERS,492.55820148427046,2343.332963055629,MIA
315968725.1252767,00000000-0000-0000-0000-000000025797,OTHERS,439.5152546199894,2347.9565818319393,MIA
315968725.1252767,00000000-0000-0000-0000-000000025791,OTHERS,507.572889132282,2347.611883646408,MIA
315968725.1252767,00000000-0000-0000-0000-000000025776,OTHERS,459.9235472601365,2348.6023199792457,MIA
315968725.1252767,00000000-0000-0000-0000-000000025603,OTHERS,548.034406365275,2357.4657989121506,MIA
315968725.1252767,00000000-0000-0000-0000-000000025558,OTHERS,554.8340334573865,2350.0215417466234,MIA
315968725.1252767,00000000-0000-0000-0000-000000025772,OTHERS,480.16277417229486,2349.608982259077,MIA
315968725.1252767,00000000-0000-0000-0000-000000025759,OTHERS,530.8045108141881,2401.7376180336732,MIA
315968725.1252767,00000000-0000-0000-0000-000000025755,OTHERS,466.5134997365618,2355.544222434985,MIA
315968725.1252767,00000000-0000-0000-0000-000000025732,AGENT,506.7134150682263,2351.957452153349,MIA
315968725.1252767,00000000-0000-0000-0000-000000025591,OTHERS,542.149860790625,2354.044212295908,MIA
315968725.221348,00000000-0000-0000-0000-000000000000,AV,500.3814386999295,2354.788438479588,MIA
315968725.221348,00000000-0000-0000-0000-000000025549,OTHERS,467.1954699680474,2352.6235768111005,MIA
315968725.221348,00000000-0000-0000-0000-000000025787,OTHERS,492.67241845169815,2343.3062401412,MIA
315968725.221348,00000000-0000-0000-0000-000000025350,OTHERS,553.7195647541641,2355.0643974478808,MIA
315968725.221348,00000000-0000-0000-0000-000000025798,OTHERS,542.1160132030268,2349.258722385398,MIA
315968725.221348,00000000-0000-0000-0000-000000025797,OTHERS,440.1573433736492,2348.0208950310835,MIA
315968725.221348,00000000-0000-0000-0000-000000025791,OTHERS,507.50462192111365,2347.905804160481,MIA
315968725.221348,00000000-0000-0000-0000-000000025776,OTHERS,460.71886462406263,2348.553171087033,MIA
315968725.221348,00000000-0000-0000-0000-000000025603,OTHERS,547.4310166405562,2357.365632197933,MIA
315968725.221348,00000000-0000-0000-0000-000000025589,OTHERS,528.6421024809708,2350.699581328629,MIA
315968725.221348,00000000-0000-0000-0000-000000025558,OTHERS,554.8642624751193,2350.28778618088,MIA
315968725.221348,00000000-0000-0000-0000-000000025772,OTHERS,480.9900709815592,2349.633892308615,MIA
315968725.221348,00000000-0000-0000-0000-000000025755,OTHERS,466.4822965141085,2355.562705902357,MIA
315968725.221348,00000000-0000-0000-0000-000000025591,OTHERS,542.4282134017882,2353.9660632157456,MIA
315968725.221348,00000000-0000-0000-0000-000000025732,AGENT,507.54342151348436,2352.106214467061,MIA
315968725.32430047,00000000-0000-0000-0000-000000000000,AV,499.3588772555455,2354.689319522688,MIA
315968725.32430047,00000000-0000-0000-0000-000000025549,OTHERS,465.9144807039992,2352.5434508054723,MIA
315968725.32430047,00000000-0000-0000-0000-000000025787,OTHERS,492.67241845169815,2343.3062401412,MIA
315968725.32430047,00000000-0000-0000-0000-000000025350,OTHERS,554.1824278419685,2355.152043597368,MIA
315968725.32430047,00000000-0000-0000-0000-000000025798,OTHERS,542.1160132030268,2349.258722385398,MIA
315968725.32430047,00000000-0000-0000-0000-000000025797,OTHERS,441.0613191318623,2347.9639715901208,MIA
315968725.32430047,00000000-0000-0000-0000-000000025800,OTHERS,459.41027715066735,2354.8779561350884,MIA
315968725.32430047,00000000-0000-0000-0000-000000025791,OTHERS,507.72312340080214,2347.853136341593,MIA
315968725.32430047,00000000-0000-0000-0000-000000025776,OTHERS,461.57123561242173,2348.6377169957595,MIA
315968725.32430047,00000000-0000-0000-0000-000000025603,OTHERS,547.050959976121,2357.4386531229056,MIA
315968725.32430047,00000000-0000-0000-0000-000000025589,OTHERS,527.7170298348559,2350.6580761488985,MIA
315968725.32430047,00000000-0000-0000-0000-000000025558,OTHERS,554.7948211954065,2350.078248846538,MIA
315968725.32430047,00000000-0000-0000-0000-000000025772,OTHERS,481.52270928110113,2349.675914890492,MIA
315968725.32430047,00000000-0000-0000-0000-000000025755,OTHERS,466.47008724838514,2355.620670692164,MIA
315968725.32430047,00000000-0000-0000-0000-000000025591,OTHERS,542.6913829860626,2354.057998772696,MIA
315968725.32430047,00000000-0000-0000-0000-000000025732,AGENT,508.1930792949492,2352.127991617695,MIA
315968725.4244199,00000000-0000-0000-0000-000000000000,AV,498.3526736539605,2354.592708417565,MIA
315968725.4244199,00000000-0000-0000-0000-000000025549,OTHERS,464.6703213765423,2352.531230464585,MIA
315968725.4244199,00000000-0000-0000-0000-000000025787,OTHERS,492.94512707476684,2343.31918544478,MIA
315968725.4244199,00000000-0000-0000-0000-000000025350,OTHERS,554.4442711295397,2355.153723600852,MIA
315968725.4244199,00000000-0000-0000-0000-000000025798,OTHERS,542.1160132030268,2349.258722385398,MIA
315968725.4244199,00000000-0000-0000-0000-000000025797,OTHERS,441.97690635841485,2348.005195962711,MIA
315968725.4244199,00000000-0000-0000-0000-000000025800,OTHERS,460.1189642200033,2354.833405533004,MIA
315968725.4244199,00000000-0000-0000-0000-000000025791,OTHERS,507.57418635225656,2347.870722148847,MIA
315968725.4244199,00000000-0000-0000-0000-000000025776,OTHERS,462.2595826230233,2348.688924467501,MIA
315968725.4244199,00000000-0000-0000-0000-000000025603,OTHERS,546.523799134999,2357.321177374094,MIA
315968725.4244199,00000000-0000-0000-0000-000000025589,OTHERS,527.9017866981227,2350.6520963342755,MIA
315968725.4244199,00000000-0000-0000-0000-000000025558,OTHERS,554.830808529112,2350.159666780849,MIA
315968725.4244199,00000000-0000-0000-0000-000000025772,OTHERS,482.2126867762477,2349.7171067559007,MIA
315968725.4244199,00000000-0000-0000-0000-000000025755,OTHERS,466.8207238060488,2355.596946092531,MIA
315968725.4244199,00000000-0000-0000-0000-000000025591,OTHERS,542.9269831643717,2354.072484190921,MIA
315968725.4244199,00000000-0000-0000-0000-000000025732,AGENT,508.7850732251651,2352.254298490832,MIA
315968725.5191819,00000000-0000-0000-0000-000000000000,AV,497.31434391873046,2354.4940521509398,MIA
315968725.5191819,00000000-0000-0000-0000-000000025350,OTHERS,554.4442711295397,2355.153723600852,MIA
315968725.5191819,00000000-0000-0000-0000-000000025549,OTHERS,463.5300795326237,2352.421956753531,MIA
315968725.5191819,00000000-0000-0000-0000-000000025787,OTHERS,493.096096007592,2343.322436260362,MIA
315968725.5191819,00000000-0000-0000-0000-000000025791,OTHERS,507.738320157893,2347.8114158309963,MIA
315968725.5191819,00000000-0000-0000-0000-000000025755,OTHERS,466.71485154497907,2355.53085186962,MIA
315968725.5191819,00000000-0000-0000-0000-000000025797,OTHERS,442.7585315443895,2347.970116871613,MIA
315968725.5191819,00000000-0000-0000-0000-000000025800,OTHERS,459.68842061549714,2354.9145099507696,MIA
315968725.5191819,00000000-0000-0000-0000-000000025776,OTHERS,463.0748127893554,2348.7404597769514,MIA
315968725.5191819,00000000-0000-0000-0000-000000025603,OTHERS,546.1039682462597,2357.155111284271,MIA
315968725.5191819,00000000-0000-0000-0000-000000025589,OTHERS,527.9220249359622,2350.6527755637053,MIA
315968725.5191819,00000000-0000-0000-0000-000000025558,OTHERS,554.9909262399481,2350.469139669256,MIA
315968725.5191819,00000000-0000-0000-0000-000000025772,OTHERS,483.15395630921614,2349.776595459988,MIA
315968725.5191819,00000000-0000-0000-0000-000000025591,OTHERS,543.1631267889821,2354.0592716945207,MIA
315968725.5191819,00000000-0000-0000-0000-000000025732,AGENT,509.6181952070602,2352.3361410284224,MIA
315968725.6215528,00000000-0000-0000-0000-000000000000,AV,496.1778321982174,2354.3892250332738,MIA
315968725.6215528,00000000-0000-0000-0000-000000025350,OTHERS,554.4442711295397,2355.153723600852,MIA
315968725.6215528,00000000-0000-0000-0000-000000025549,OTHERS,462.1676197678086,2352.3906867545024,MIA
315968725.6215528,00000000-0000-0000-0000-000000025589,OTHERS,527.3863519053025,2350.550679075488,MIA
315968725.6215528,00000000-0000-0000-0000-000000025797,OTHERS,442.8557343350828,2347.793779638931,MIA
315968725.6215528,00000000-0000-0000-0000-000000025800,OTHERS,459.73666174891434,2355.049317112669,MIA
315968725.6215528,00000000-0000-0000-0000-000000025791,OTHERS,507.6975044103551,2347.780216045424,MIA
315968725.6215528,00000000-0000-0000-0000-000000025558,OTHERS,554.9909262399481,2350.469139669256,MIA
315968725.6215528,00000000-0000-0000-0000-000000025772,OTHERS,483.9365737131918,2349.832361843915,MIA
315968725.6215528,00000000-0000-0000-0000-000000025755,OTHERS,466.62839077899804,2355.6120473049436,MIA
315968725.6215528,00000000-0000-0000-0000-000000025787,OTHERS,493.2175335297929,2343.300528837387,MIA
315968725.6215528,00000000-0000-0000-0000-000000025776,OTHERS,463.7429774887574,2348.7873330297925,MIA
315968725.6215528,00000000-0000-0000-0000-000000025603,OTHERS,545.5289555172246,2357.1748156418234,MIA
315968725.6215528,00000000-0000-0000-0000-000000025591,OTHERS,543.5385449487683,2353.984870137717,MIA
315968725.6215528,00000000-0000-0000-0000-000000025732,AGENT,510.4860027670875,2352.3684402346053,MIA
315968725.7225728,00000000-0000-0000-0000-000000000000,AV,495.14292602787697,2354.296025083036,MIA
315968725.7225728,00000000-0000-0000-0000-000000025350,OTHERS,555.8175698732911,2355.346847171824,MIA
315968725.7225728,00000000-0000-0000-0000-000000025549,OTHERS,460.986889769578,2352.3136958848613,MIA
315968725.7225728,00000000-0000-0000-0000-000000025589,OTHERS,528.0148523228404,2350.504893908857,MIA
315968725.7225728,00000000-0000-0000-0000-000000025797,OTHERS,443.78854142885683,2347.917644493128,MIA
315968725.7225728,00000000-0000-0000-0000-000000025800,OTHERS,459.65473260005797,2355.045383948213,MIA
315968725.7225728,00000000-0000-0000-0000-000000025755,OTHERS,466.6679061726796,2355.61745975366,MIA
315968725.7225728,00000000-0000-0000-0000-000000025591,OTHERS,543.8886534517054,2353.8994020182845,MIA
315968725.7225728,00000000-0000-0000-0000-000000025803,OTHERS,421.40856945160937,2347.264776932849,MIA
315968725.7225728,00000000-0000-0000-0000-000000025558,OTHERS,554.9909262399481,2350.469139669256,MIA
315968725.7225728,00000000-0000-0000-0000-000000025772,OTHERS,484.7819790447457,2349.895656951912,MIA
315968725.7225728,00000000-0000-0000-0000-000000025791,OTHERS,507.57865136282686,2347.8407574619378,MIA
315968725.7225728,00000000-0000-0000-0000-000000025787,OTHERS,493.2175335297929,2343.300528837387,MIA
315968725.7225728,00000000-0000-0000-0000-000000025776,OTHERS,464.26314145667885,2348.869608165565,MIA
315968725.7225728,00000000-0000-0000-0000-000000025603,OTHERS,545.0289537344606,2357.1915957081496,MIA
315968725.7225728,00000000-0000-0000-0000-000000025732,AGENT,511.1943639527005,2352.457770498952,MIA
315968725.81815684,00000000-0000-0000-0000-000000000000,AV,494.1027057713137,2354.20555328122,MIA
315968725.81815684,00000000-0000-0000-0000-000000025350,OTHERS,556.1261857234668,2355.389181850833,MIA
315968725.81815684,00000000-0000-0000-0000-000000025549,OTHERS,459.75248001543054,2352.2590830745685,MIA
315968725.81815684,00000000-0000-0000-0000-000000025589,OTHERS,528.1506476236306,2350.4206002519973,MIA
315968725.81815684,00000000-0000-0000-0000-000000025797,OTHERS,444.36778764036455,2347.8466720164274,MIA
315968725.81815684,00000000-0000-0000-0000-000000025800,OTHERS,459.5653875191005,2354.958107281506,MIA
315968725.81815684,00000000-0000-0000-0000-000000025755,OTHERS,466.4091819401447,2355.553256946945,MIA
315968725.81815684,00000000-0000-0000-0000-000000025591,OTHERS,544.2452262189787,2354.0622902056066,MIA
315968725.81815684,00000000-0000-0000-0000-000000025803,OTHERS,422.1580144072413,2347.420751673379,MIA
315968725.81815684,00000000-0000-0000-0000-000000025558,OTHERS,554.9909262399481,2350.469139669256,MIA
315968725.81815684,00000000-0000-0000-0000-000000025772,OTHERS,485.7120319461747,2349.9400583644865,MIA
315968725.81815684,00000000-0000-0000-0000-000000025791,OTHERS,507.6108402177932,2347.7951108171064,MIA
315968725.81815684,00000000-0000-0000-0000-000000025787,OTHERS,493.5225582234484,2343.343340522771,MIA
315968725.81815684,00000000-0000-0000-0000-000000025776,OTHERS,464.80285897099463,2348.934427897337,MIA
315968725.81815684,00000000-0000-0000-0000-000000025603,OTHERS,544.5115136291964,2357.3094610402977,MIA
315968725.81815684,00000000-0000-0000-0000-000000025732,AGENT,511.669536083796,2352.5240195829865,MIA
315968725.92205906,00000000-0000-0000-0000-000000000000,AV,493.05779051091673,2354.116939710237,MIA
315968725.92205906,00000000-0000-0000-0000-000000025350,OTHERS,556.3458297305731,2355.4379460223818,MIA
315968725.92205906,00000000-0000-0000-0000-000000025549,OTHERS,458.6726441253995,2352.117009844763,MIA
315968725.92205906,00000000-0000-0000-0000-000000025589,OTHERS,528.6070798627861,2350.2500751890852,MIA
315968725.92205906,00000000-0000-0000-0000-000000025800,OTHERS,459.7306343180284,2354.967992173789,MIA
315968725.92205906,00000000-0000-0000-0000-000000025803,OTHERS,423.00646134011794,2347.218507046205,MIA
315968725.92205906,00000000-0000-0000-0000-000000025772,OTHERS,486.5276816199311,2349.993248031633,MIA
315968725.92205906,00000000-0000-0000-0000-000000025591,OTHERS,544.6564552725972,2354.054732789265,MIA
315968725.92205906,00000000-0000-0000-0000-000000025732,AGENT,512.4101639735659,2352.6315583365867,MIA
315968725.92205906,00000000-0000-0000-0000-000000025797,OTHERS,445.15404195410673,2347.823286741349,MIA
315968725.92205906,00000000-0000-0000-0000-000000025787,OTHERS,493.7180041631127,2343.33555995511,MIA
315968725.92205906,00000000-0000-0000-0000-000000025776,OTHERS,465.7240377214094,2348.9369129764605,MIA
315968725.92205906,00000000-0000-0000-0000-000000025603,OTHERS,544.0351653703772,2357.2449307867787,MIA
315968725.92205906,00000000-0000-0000-0000-000000025755,OTHERS,466.558913860103,2355.558725413009,MIA
315968725.92205906,00000000-0000-0000-0000-000000025791,OTHERS,507.60965701705993,2347.7668649780708,MIA
315968726.02607924,00000000-0000-0000-0000-000000000000,AV,491.9007885177729,2354.022471374927,MIA
315968726.02607924,00000000-0000-0000-0000-000000025350,OTHERS,556.3458297305731,2355.4379460223818,MIA
315968726.02607924,00000000-0000-0000-0000-000000025549,OTHERS,457.5556439407357,2352.1144459687757,MIA
315968726.02607924,00000000-0000-0000-0000-000000025589,OTHERS,528.9539725866958,2350.2857411374193,MIA
315968726.02607924,00000000-0000-0000-0000-000000025591,OTHERS,545.0416643690178,2354.066255025782,MIA
315968726.02607924,00000000-0000-0000-0000-000000025603,OTHERS,543.5211360899362,2357.236254753411,MIA
315968726.02607924,00000000-0000-0000-0000-000000025732,AGENT,512.8535730616906,2352.618964071054,MIA
315968726.02607924,00000000-0000-0000-0000-000000025803,OTHERS,423.8285622778443,2347.240524933685,MIA
315968726.02607924,00000000-0000-0000-0000-000000025772,OTHERS,487.3503785943173,2350.0405858912823,MIA
315968726.02607924,00000000-0000-0000-0000-000000025797,OTHERS,446.98182819995566,2348.0001041091573,MIA
315968726.02607924,00000000-0000-0000-0000-000000025800,OTHERS,459.82113029118085,2355.019032590755,MIA
315968726.02607924,00000000-0000-0000-0000-000000025791,OTHERS,507.6223752573745,2347.742865491381,MIA
315968726.02607924,00000000-0000-0000-0000-000000025787,OTHERS,493.851260600284,2343.325305268648,MIA
315968726.02607924,00000000-0000-0000-0000-000000025776,OTHERS,466.43244681077437,2349.000673610261,MIA
315968726.02607924,00000000-0000-0000-0000-000000025755,OTHERS,466.5545686109133,2355.5459256743875,MIA
315968726.12166435,00000000-0000-0000-0000-000000000000,AV,490.84566619654515,2353.938127455756,MIA
315968726.12166435,00000000-0000-0000-0000-000000025350,OTHERS,557.4850847363673,2355.8624838609953,MIA
315968726.12166435,00000000-0000-0000-0000-000000025549,OTHERS,456.25242429197715,2351.997145337555,MIA
315968726.12166435,00000000-0000-0000-0000-000000025589,OTHERS,529.3584557739558,2350.136160906661,MIA
315968726.12166435,00000000-0000-0000-0000-000000025591,OTHERS,545.5350011704253,2354.1452679881468,MIA
315968726.12166435,00000000-0000-0000-0000-000000025603,OTHERS,542.9814914068934,2357.061617501561,MIA
315968726.12166435,00000000-0000-0000-0000-000000025732,AGENT,513.4545120766676,2352.6259746526016,MIA
315968726.12166435,00000000-0000-0000-0000-000000025803,OTHERS,424.43628712812455,2347.5124587043547,MIA
315968726.12166435,00000000-0000-0000-0000-000000025809,OTHERS,451.35570053183824,2354.6096801114318,MIA
315968726.12166435,00000000-0000-0000-0000-000000025791,OTHERS,507.6750020984458,2347.730735896603,MIA
315968726.12166435,00000000-0000-0000-0000-000000025755,OTHERS,466.48338571625777,2355.5517043060954,MIA
315968726.12166435,00000000-0000-0000-0000-000000025800,OTHERS,459.6885732792514,2354.9630356505263,MIA
315968726.12166435,00000000-0000-0000-0000-000000025797,OTHERS,447.8814507619384,2347.8696307792293,MIA
315968726.12166435,00000000-0000-0000-0000-000000025772,OTHERS,488.0421279333658,2350.165528986861,MIA
315968726.12166435,00000000-0000-0000-0000-000000025787,OTHERS,493.851260600284,2343.325305268648,MIA
315968726.12166435,00000000-0000-0000-0000-000000025776,OTHERS,467.214075537469,2349.045316838947,MIA
315968726.2253542,00000000-0000-0000-0000-000000000000,AV,489.69497626336766,2353.850840626105,MIA
315968726.2253542,00000000-0000-0000-0000-000000025350,OTHERS,557.8981997221199,2355.766708370396,MIA
315968726.2253542,00000000-0000-0000-0000-000000025549,OTHERS,454.9186357133355,2351.9220924148512,MIA
315968726.2253542,00000000-0000-0000-0000-000000025589,OTHERS,529.7866298244785,2350.0419438067042,MIA
315968726.2253542,00000000-0000-0000-0000-000000025591,OTHERS,545.8922211910493,2354.128851226373,MIA
315968726.2253542,00000000-0000-0000-0000-000000025603,OTHERS,542.4917234880734,2357.1429803337437,MIA
315968726.2253542,00000000-0000-0000-0000-000000025732,AGENT,513.8742957884764,2352.6293891536416,MIA
315968726.2253542,00000000-0000-0000-0000-000000025803,OTHERS,425.17113562711467,2347.3865857087176,MIA
315968726.2253542,00000000-0000-0000-0000-000000025809,OTHERS,451.35570053183824,2354.6096801114318,MIA
315968726.2253542,00000000-0000-0000-0000-000000025791,OTHERS,507.6555903891795,2347.7429850514927,MIA
315968726.2253542,00000000-0000-0000-0000-000000025755,OTHERS,466.5058344713773,2355.560545131264,MIA
315968726.2253542,00000000-0000-0000-0000-000000025800,OTHERS,459.51344299449653,2354.9907089411745,MIA
315968726.2253542,00000000-0000-0000-0000-000000025797,OTHERS,447.6667666635973,2347.856704461204,MIA
315968726.2253542,00000000-0000-0000-0000-000000025772,OTHERS,489.2966420322612,2350.304497295291,MIA
315968726.2253542,00000000-0000-0000-0000-000000025787,OTHERS,494.08994063187276,2343.307725290605,MIA
315968726.2253542,00000000-0000-0000-0000-000000025776,OTHERS,468.0329482396062,2349.0736544032216,MIA
315968726.3227225,00000000-0000-0000-0000-000000000000,AV,488.62705792739763,2353.772332364895,MIA
315968726.3227225,00000000-0000-0000-0000-000000025350,OTHERS,558.3249881829191,2356.320952730141,MIA
315968726.3227225,00000000-0000-0000-0000-000000025549,OTHERS,453.9235241531728,2351.8847248735888,MIA
315968726.3227225,00000000-0000-0000-0000-000000025591,OTHERS,546.3220310297803,2354.196211586976,MIA
315968726.3227225,00000000-0000-0000-0000-000000025603,OTHERS,541.931407926222,2357.116171089528,MIA
315968726.3227225,00000000-0000-0000-0000-000000025732,AGENT,514.4453376454658,2352.668034013333,MIA
315968726.3227225,00000000-0000-0000-0000-000000025809,OTHERS,451.35570053183824,2354.6096801114318,MIA
315968726.3227225,00000000-0000-0000-0000-000000025791,OTHERS,507.598888657752,2347.804097876105,MIA
315968726.3227225,00000000-0000-0000-0000-000000025797,OTHERS,448.6140090465931,2347.847566815089,MIA
315968726.3227225,00000000-0000-0000-0000-000000025589,OTHERS,530.3973938429192,2350.227694754549,MIA
315968726.3227225,00000000-0000-0000-0000-000000025755,OTHERS,466.3759428724001,2355.5829733286096,MIA
315968726.3227225,00000000-0000-0000-0000-000000025800,OTHERS,459.2918235634794,2354.9890371245747,MIA
315968726.3227225,00000000-0000-0000-0000-000000025803,OTHERS,426.01346642324404,2347.326783667671,MIA
315968726.3227225,00000000-0000-0000-0000-000000025813,OTHERS,452.32572933542616,2354.315928617573,MIA
315968726.3227225,00000000-0000-0000-0000-000000025772,OTHERS,489.64188747327853,2350.203382247823,MIA
315968726.3227225,00000000-0000-0000-0000-000000025787,OTHERS,494.2063759285566,2343.2910723615764,MIA
315968726.3227225,00000000-0000-0000-0000-000000025776,OTHERS,468.84326162307093,2349.114355423529,MIA
315968726.42276603,00000000-0000-0000-0000-000000000000,AV,487.56185013552295,2353.696394931111,MIA
315968726.42276603,00000000-0000-0000-0000-000000025350,OTHERS,558.6129777646191,2356.084940278597,MIA
315968726.42276603,00000000-0000-0000-0000-000000025549,OTHERS,452.7325422078266,2351.8029027879466,MIA
315968726.42276603,00000000-0000-0000-0000-000000025591,OTHERS,546.8959434425586,2354.371374382221,MIA
315968726.42276603,00000000-0000-0000-0000-000000025603,OTHERS,541.4163168018647,2357.105056367133,MIA
315968726.42276603,00000000-0000-0000-0000-000000025732,AGENT,515.2294630622972,2352.7143117772243,MIA
315968726.42276603,00000000-0000-0000-0000-000000025809,OTHERS,452.0310804395328,2354.393402701979,MIA
315968726.42276603,00000000-0000-0000-0000-000000025791,OTHERS,507.5591644464327,2347.7897289209795,MIA
315968726.42276603,00000000-0000-0000-0000-000000025797,OTHERS,450.13670991672205,2347.9611348369917,MIA
315968726.42276603,00000000-0000-0000-0000-000000025589,OTHERS,530.7328957427801,2350.00101405349,MIA
315968726.42276603,00000000-0000-0000-0000-000000025814,OTHERS,401.45149771825714,2350.995537331782,MIA
315968726.42276603,00000000-0000-0000-0000-000000025755,OTHERS,466.42027256998085,2355.579408719704,MIA
315968726.42276603,00000000-0000-0000-0000-000000025800,OTHERS,459.3858559274842,2355.062760144158,MIA
315968726.42276603,00000000-0000-0000-0000-000000025803,OTHERS,426.55015141878914,2347.871310913486,MIA
315968726.42276603,00000000-0000-0000-0000-000000025813,OTHERS,452.32572933542616,2354.315928617573,MIA
315968726.42276603,00000000-0000-0000-0000-000000025772,OTHERS,490.40938298086775,2350.4033985826222,MIA
315968726.42276603,00000000-0000-0000-0000-000000025787,OTHERS,494.32780526076164,2343.288280975061,MIA
315968726.42276603,00000000-0000-0000-0000-000000025776,OTHERS,469.4975032386309,2349.150999612264,MIA
315968726.52936333,00000000-0000-0000-0000-000000000000,AV,486.3952157782402,2353.6162571246678,MIA
315968726.52936333,00000000-0000-0000-0000-000000025350,OTHERS,558.9580451243327,2356.073186525853,MIA
315968726.52936333,00000000-0000-0000-0000-000000025549,OTHERS,451.4997203836084,2351.748211680177,MIA
315968726.52936333,00000000-0000-0000-0000-000000025591,OTHERS,547.25705333078,2354.477933150925,MIA
315968726.52936333,00000000-0000-0000-0000-000000025603,OTHERS,540.8193082206544,2357.086247636203,MIA
315968726.52936333,00000000-0000-0000-0000-000000025732,AGENT,516.0185649085143,2352.737887446609,MIA
315968726.52936333,00000000-0000-0000-0000-000000025809,OTHERS,452.0310804395328,2354.393402701979,MIA
315968726.52936333,00000000-0000-0000-0000-000000025755,OTHERS,466.40236509483015,2355.518980441116,MIA
315968726.52936333,00000000-0000-0000-0000-000000025800,OTHERS,459.48382516844634,2355.0113360974656,MIA
315968726.52936333,00000000-0000-0000-0000-000000025589,OTHERS,531.2256252597983,2350.263603994569,MIA
315968726.52936333,00000000-0000-0000-0000-000000025814,OTHERS,401.45149771825714,2350.995537331782,MIA
315968726.52936333,00000000-0000-0000-0000-000000025797,OTHERS,450.26037259016175,2347.820016349196,MIA
315968726.52936333,00000000-0000-0000-0000-000000025810,OTHERS,378.63140297781604,2352.187149559519,MIA
315968726.52936333,00000000-0000-0000-0000-000000025803,OTHERS,427.4106271266424,2347.785170311464,MIA
315968726.52936333,00000000-0000-0000-0000-000000025813,OTHERS,452.14041230053436,2354.393020618026,MIA
315968726.52936333,00000000-0000-0000-0000-000000025772,OTHERS,490.9187997316008,2350.4770155898564,MIA
315968726.52936333,00000000-0000-0000-0000-000000025791,OTHERS,507.62857941820283,2347.789251913976,MIA
315968726.52936333,00000000-0000-0000-0000-000000025787,OTHERS,494.46285281034346,2343.297446443542,MIA
315968726.52936333,00000000-0000-0000-0000-000000025776,OTHERS,470.3266982268148,2349.192730677682,MIA
315968726.62200594,00000000-0000-0000-0000-000000000000,AV,485.42068099040347,2353.551894526593,MIA
315968726.62200594,00000000-0000-0000-0000-000000025350,OTHERS,559.3939534323847,2356.3266720764896,MIA
315968726.62200594,00000000-0000-0000-0000-000000025549,OTHERS,450.1570957824887,2347.933669738305,MIA
315968726.62200594,00000000-0000-0000-0000-000000025591,OTHERS,547.7242389553131,2354.352454071622,MIA
315968726.62200594,00000000-0000-0000-0000-000000025603,OTHERS,540.3208390359042,2357.051534794895,MIA
315968726.62200594,00000000-0000-0000-0000-000000025732,AGENT,516.826644749546,2352.82317083664,MIA
315968726.62200594,00000000-0000-0000-0000-000000025809,OTHERS,450.16549101453927,2351.597429623368,MIA
315968726.62200594,00000000-0000-0000-0000-000000025755,OTHERS,466.20879696954734,2355.510576464607,MIA
315968726.62200594,00000000-0000-0000-0000-000000025800,OTHERS,459.1401480723615,2354.888204383664,MIA
315968726.62200594,00000000-0000-0000-0000-000000025589,OTHERS,531.5164314508553,2350.039310454215,MIA
315968726.62200594,00000000-0000-0000-0000-000000025814,OTHERS,401.45149771825714,2350.995537331782,MIA
315968726.62200594,00000000-0000-0000-0000-000000025810,OTHERS,378.63140297781604,2352.187149559519,MIA
315968726.62200594,00000000-0000-0000-0000-000000025803,OTHERS,428.03527192007255,2347.5715418543514,MIA
315968726.62200594,00000000-0000-0000-0000-000000025813,OTHERS,451.61912059422315,2354.5624499749233,MIA
315968726.62200594,00000000-0000-0000-0000-000000025772,OTHERS,491.85894814128767,2350.440912968208,MIA
315968726.62200594,00000000-0000-0000-0000-000000025797,OTHERS,451.6141910591306,2347.8067419138183,MIA
315968726.62200594,00000000-0000-0000-0000-000000025791,OTHERS,507.498297803629,2347.808187654419,MIA
315968726.62200594,00000000-0000-0000-0000-000000025787,OTHERS,494.46285281034346,2343.297446443542,MIA
315968726.62200594,00000000-0000-0000-0000-000000025776,OTHERS,471.14481222484466,2349.233733912446,MIA
315968726.7195239,00000000-0000-0000-0000-000000000000,AV,484.3406471340544,2353.4820957117136,MIA
315968726.7195239,00000000-0000-0000-0000-000000025350,OTHERS,559.7765769305629,2356.361329144456,MIA
315968726.7195239,00000000-0000-0000-0000-000000025549,OTHERS,449.0574662133613,2351.677219743104,MIA
315968726.7195239,00000000-0000-0000-0000-000000025591,OTHERS,548.1422454918203,2354.408484412917,MIA
315968726.7195239,00000000-0000-0000-0000-000000025603,OTHERS,539.9117177884303,2357.0761236239982,MIA
315968726.7195239,00000000-0000-0000-0000-000000025732,AGENT,517.5699229346624,2353.001992206749,MIA
315968726.7195239,00000000-0000-0000-0000-000000025809,OTHERS,451.8765017980876,2354.450986041472,MIA
315968726.7195239,00000000-0000-0000-0000-000000025755,OTHERS,466.1355713700358,2355.479628682336,MIA
315968726.7195239,00000000-0000-0000-0000-000000025800,OTHERS,459.2502692333844,2354.984127765559,MIA
315968726.7195239,00000000-0000-0000-0000-000000025589,OTHERS,532.0673828566187,2350.438278388608,MIA
315968726.7195239,00000000-0000-0000-0000-000000025814,OTHERS,398.17005064427366,2350.2812353128165,MIA
315968726.7195239,00000000-0000-0000-0000-000000025810,OTHERS,378.5871982907773,2351.89349960762,MIA
315968726.7195239,00000000-0000-0000-0000-000000025803,OTHERS,428.9975947531289,2347.6482972128947,MIA
315968726.7195239,00000000-0000-0000-0000-000000025813,OTHERS,451.61912059422315,2354.5624499749233,MIA
315968726.7195239,00000000-0000-0000-0000-000000025772,OTHERS,492.64071431331627,2350.4903943318805,MIA
315968726.7195239,00000000-0000-0000-0000-000000025797,OTHERS,451.8797682103144,2347.792596604752,MIA
315968726.7195239,00000000-0000-0000-0000-000000025791,OTHERS,507.62211837384916,2347.8121466016128,MIA
315968726.7195239,00000000-0000-0000-0000-000000025787,OTHERS,494.7264167382785,2343.3023631766746,MIA
315968726.7195239,00000000-0000-0000-0000-000000025776,OTHERS,472.0012504878836,2349.2762710171605,MIA
315968726.8204554,00000000-0000-0000-0000-000000000000,AV,483.15071784250085,2353.407145825653,MIA
315968726.8204554,00000000-0000-0000-0000-000000025350,OTHERS,560.3773709342126,2356.408146336774,MIA
315968726.8204554,00000000-0000-0000-0000-000000025549,OTHERS,447.8767328032905,2351.6125404153518,MIA
315968726.8204554,00000000-0000-0000-0000-000000025591,OTHERS,548.5977596756347,2354.457471491579,MIA
315968726.8204554,00000000-0000-0000-0000-000000025603,OTHERS,539.3508504412507,2357.0853918982684,MIA
315968726.8204554,00000000-0000-0000-0000-000000025810,OTHERS,378.4523078656567,2351.915770961009,MIA
315968726.8204554,00000000-0000-0000-0000-000000025803,OTHERS,429.70027893955535,2347.5631327927913,MIA
315968726.8204554,00000000-0000-0000-0000-000000025772,OTHERS,493.4268800060058,2350.514372344645,MIA
315968726.8204554,00000000-0000-0000-0000-000000025809,OTHERS,452.0175580127896,2354.374958530046,MIA
315968726.8204554,00000000-0000-0000-0000-000000025800,OTHERS,459.24220362477786,2354.958092101293,MIA
315968726.8204554,00000000-0000-0000-0000-000000025589,OTHERS,532.4696830757475,2350.3734266642355,MIA
315968726.8204554,00000000-0000-0000-0000-000000025814,OTHERS,397.1695884956554,2350.1266997788653,MIA
315968726.8204554,00000000-0000-0000-0000-000000025732,AGENT,518.3492239104967,2353.022849564529,MIA
315968726.8204554,00000000-0000-0000-0000-000000025797,OTHERS,452.5746949713509,2347.8192748746787,MIA
315968726.8204554,00000000-0000-0000-0000-000000025791,OTHERS,507.4375746142514,2347.824821207301,MIA
315968726.8204554,00000000-0000-0000-0000-000000025787,OTHERS,494.9213229246842,2343.2951157376324,MIA
315968726.8204554,00000000-0000-0000-0000-000000025776,OTHERS,472.7730320997689,2349.306654885141,MIA
315968726.8204554,00000000-0000-0000-0000-000000025755,OTHERS,466.05866079793014,2355.497496086585,MIA
315968726.92063934,00000000-0000-0000-0000-000000000000,AV,482.06222527704557,2353.3400090358955,MIA
315968726.92063934,00000000-0000-0000-0000-000000025350,OTHERS,560.3773709342126,2356.408146336774,MIA
315968726.92063934,00000000-0000-0000-0000-000000025549,OTHERS,446.53264085743285,2351.538087057173,MIA
315968726.92063934,00000000-0000-0000-0000-000000025591,OTHERS,549.0551501069963,2354.537975766735,MIA
315968726.92063934,00000000-0000-0000-0000-000000025603,OTHERS,538.773637056964,2357.080708705892,MIA
315968726.92063934,00000000-0000-0000-0000-000000025732,AGENT,519.1862428898121,2352.932449130965,MIA
315968726.92063934,00000000-0000-0000-0000-000000025809,OTHERS,451.9986433707229,2354.486783489714,MIA
315968726.92063934,00000000-0000-0000-0000-000000025589,OTHERS,532.8005500322646,2350.341240213015,MIA
315968726.92063934,00000000-0000-0000-0000-000000025814,OTHERS,397.1695884956554,2350.1266997788653,MIA
315968726.92063934,00000000-0000-0000-0000-000000025816,OTHERS,395.62547712344025,2342.444055891847,MIA
315968726.92063934,00000000-0000-0000-0000-000000025800,OTHERS,459.0574200509115,2354.9526288048664,MIA
315968726.92063934,00000000-0000-0000-0000-000000025787,OTHERS,495.0687225773536,2343.3053232349675,MIA
315968726.92063934,00000000-0000-0000-0000-000000025810,OTHERS,378.43854387293334,2351.8991839233354,MIA
315968726.92063934,00000000-0000-0000-0000-000000025803,OTHERS,430.46961690301316,2347.6566110814365,MIA
315968726.92063934,00000000-0000-0000-0000-000000025772,OTHERS,494.2455061092339,2350.560930159833,MIA
315968726.92063934,00000000-0000-0000-0000-000000025804,OTHERS,445.71768152390456,2354.373456507114,MIA
315968726.92063934,00000000-0000-0000-0000-000000025797,OTHERS,453.3982740215754,2347.856151531164,MIA
315968726.92063934,00000000-0000-0000-0000-000000025791,OTHERS,507.5432933417504,2347.930366360249,MIA
315968726.92063934,00000000-0000-0000-0000-000000025776,OTHERS,473.5290088115462,2349.3419544914605,MIA
315968726.92063934,00000000-0000-0000-0000-000000025755,OTHERS,465.9992667252512,2355.490251490022,MIA
315968727.0219114,00000000-0000-0000-0000-000000000000,AV,480.97361883944916,2353.274666133072,MIA
315968727.0219114,00000000-0000-0000-0000-000000025350,OTHERS,560.3773709342126,2356.408146336774,MIA
315968727.0219114,00000000-0000-0000-0000-000000025549,OTHERS,445.27077910551793,2351.4963972466985,MIA
315968727.0219114,00000000-0000-0000-0000-000000025591,OTHERS,549.5394062199838,2354.659657743713,MIA
315968727.0219114,00000000-0000-0000-0000-000000025603,OTHERS,538.1546224159479,2357.0430112173035,MIA
315968727.0219114,00000000-0000-0000-0000-000000025589,OTHERS,533.1542316012674,2350.124900343323,MIA
315968727.0219114,00000000-0000-0000-0000-000000025814,OTHERS,397.1695884956554,2350.1266997788653,MIA
315968727.0219114,00000000-0000-0000-0000-000000025816,OTHERS,395.62547712344025,2342.444055891847,MIA
315968727.0219114,00000000-0000-0000-0000-000000025732,AGENT,519.9342475734857,2353.0642759039292,MIA
315968727.0219114,00000000-0000-0000-0000-000000025797,OTHERS,453.9796733976564,2347.8744450429504,MIA
315968727.0219114,00000000-0000-0000-0000-000000025755,OTHERS,465.90069801868896,2355.470255160114,MIA
315968727.0219114,00000000-0000-0000-0000-000000025800,OTHERS,459.2322194470498,2354.965415568752,MIA
315968727.0219114,00000000-0000-0000-0000-000000025787,OTHERS,495.0687225773536,2343.3053232349675,MIA
315968727.0219114,00000000-0000-0000-0000-000000025809,OTHERS,451.79627829323306,2354.454131857321,MIA
315968727.0219114,00000000-0000-0000-0000-000000025810,OTHERS,378.53720779640037,2351.766104727577,MIA
315968727.0219114,00000000-0000-0000-0000-000000025803,OTHERS,431.0342686885058,2347.561540899441,MIA
315968727.0219114,00000000-0000-0000-0000-000000025772,OTHERS,495.10520166262916,2350.602762775148,MIA
315968727.0219114,00000000-0000-0000-0000-000000025804,OTHERS,445.70428293977966,2354.388341787293,MIA
315968727.0219114,00000000-0000-0000-0000-000000025791,OTHERS,507.51277519614126,2347.896914103661,MIA
315968727.0219114,00000000-0000-0000-0000-000000025776,OTHERS,474.2658139815834,2349.3629901053805,MIA
315968727.12374526,00000000-0000-0000-0000-000000000000,AV,479.76850924739585,2353.203820805556,MIA
315968727.12374526,00000000-0000-0000-0000-000000025350,OTHERS,560.3773709342126,2356.408146336774,MIA
315968727.12374526,00000000-0000-0000-0000-000000025549,OTHERS,443.9068700280386,2352.209515891605,MIA
315968727.12374526,00000000-0000-0000-0000-000000025591,OTHERS,550.0623760268462,2354.7301295411835,MIA
315968727.12374526,00000000-0000-0000-0000-000000025603,OTHERS,537.4382743446872,2356.9489223267674,MIA
315968727.12374526,00000000-0000-0000-0000-000000025772,OTHERS,495.9598689315371,2350.6261270208647,MIA
315968727.12374526,00000000-0000-0000-0000-000000025589,OTHERS,533.5694189448809,2350.198602030769,MIA
315968727.12374526,00000000-0000-0000-0000-000000025814,OTHERS,397.1695884956554,2350.1266997788653,MIA
315968727.12374526,00000000-0000-0000-0000-000000025787,OTHERS,495.29745273731317,2343.3140426329064,MIA
315968727.12374526,00000000-0000-0000-0000-000000025816,OTHERS,395.62547712344025,2342.444055891847,MIA
315968727.12374526,00000000-0000-0000-0000-000000025732,AGENT,520.7426172580472,2353.092643820007,MIA
315968727.12374526,00000000-0000-0000-0000-000000025819,OTHERS,424.3513706247942,2344.4505882176645,MIA
315968727.12374526,00000000-0000-0000-0000-000000025797,OTHERS,454.8483156253994,2347.9320498025722,MIA
315968727.12374526,00000000-0000-0000-0000-000000025755,OTHERS,465.9187588530468,2355.459698865318,MIA
315968727.12374526,00000000-0000-0000-0000-000000025800,OTHERS,459.0221443196965,2354.973883368571,MIA
315968727.12374526,00000000-0000-0000-0000-000000025809,OTHERS,452.0859478026477,2354.450271559907,MIA
315968727.12374526,00000000-0000-0000-0000-000000025810,OTHERS,378.7814601348077,2351.9418547030677,MIA
315968727.12374526,00000000-0000-0000-0000-000000025803,OTHERS,431.90874844317216,2347.704149764467,MIA
315968727.12374526,00000000-0000-0000-0000-000000025804,OTHERS,446.2598527229537,2354.5111498353212,MIA
315968727.12374526,00000000-0000-0000-0000-000000025791,OTHERS,506.938145162732,2347.555733416448,MIA
315968727.12374526,00000000-0000-0000-0000-000000025776,OTHERS,475.1648025330362,2349.4305632667306,MIA
315968727.21622914,00000000-0000-0000-0000-000000000000,AV,478.7811323659176,2353.147684735077,MIA
315968727.21622914,00000000-0000-0000-0000-000000025549,OTHERS,442.9289374799164,2351.4106219304394,MIA
315968727.21622914,00000000-0000-0000-0000-000000025589,OTHERS,534.0614815520327,2350.428176770018,MIA
315968727.21622914,00000000-0000-0000-0000-000000025591,OTHERS,550.0623760268462,2354.7301295411835,MIA
315968727.21622914,00000000-0000-0000-0000-000000025603,OTHERS,536.9360417792495,2356.9954536930372,MIA
315968727.21622914,00000000-0000-0000-0000-000000025772,OTHERS,496.78514312884005,2350.6393495924085,MIA
315968727.21622914,00000000-0000-0000-0000-000000025787,OTHERS,495.44388412602683,2343.34736119644,MIA
315968727.21622914,00000000-0000-0000-0000-000000025755,OTHERS,465.84461365872045,2355.473876934292,MIA
315968727.21622914,00000000-0000-0000-0000-000000025800,OTHERS,459.3882429151872,2355.004153486216,MIA
315968727.21622914,00000000-0000-0000-0000-000000025816,OTHERS,395.62547712344025,2342.444055891847,MIA
315968727.21622914,00000000-0000-0000-0000-000000025732,AGENT,521.6909246780455,2353.001910287311,MIA
315968727.21622914,00000000-0000-0000-0000-000000025819,OTHERS,424.1899320527763,2344.280518795032,MIA
315968727.21622914,00000000-0000-0000-0000-000000025797,OTHERS,455.64544472211924,2348.0523351627376,MIA
315968727.21622914,00000000-0000-0000-0000-000000025809,OTHERS,451.6808612604245,2354.54114606076,MIA
315968727.21622914,00000000-0000-0000-0000-000000025810,OTHERS,378.4514068970572,2352.019256671545,MIA
315968727.21622914,00000000-0000-0000-0000-000000025803,OTHERS,432.77131282827827,2347.7400456350383,MIA
315968727.21622914,00000000-0000-0000-0000-000000025804,OTHERS,446.44915181087083,2354.605231949393,MIA
315968727.21622914,00000000-0000-0000-0000-000000025791,OTHERS,506.7514835546468,2347.3543037735667,MIA
315968727.21622914,00000000-0000-0000-0000-000000025776,OTHERS,475.90219805610917,2349.517664149214,MIA
315968727.3157301,00000000-0000-0000-0000-000000000000,AV,477.6777364217517,2353.0856529543803,MIA
315968727.3157301,00000000-0000-0000-0000-000000025549,OTHERS,441.6997961032291,2351.394846897549,MIA
315968727.3157301,00000000-0000-0000-0000-000000025589,OTHERS,534.3732259022987,2350.4301094044313,MIA
315968727.3157301,00000000-0000-0000-0000-000000025591,OTHERS,550.0623760268462,2354.7301295411835,MIA
315968727.3157301,00000000-0000-0000-0000-000000025603,OTHERS,536.3371646730221,2357.071038775487,MIA
315968727.3157301,00000000-0000-0000-0000-000000025755,OTHERS,465.8465773342504,2355.470150228788,MIA
315968727.3157301,00000000-0000-0000-0000-000000025800,OTHERS,458.998978215193,2354.984476886456,MIA
315968727.3157301,00000000-0000-0000-0000-000000025732,AGENT,522.4404399486333,2353.1875991968905,MIA
315968727.3157301,00000000-0000-0000-0000-000000025819,OTHERS,424.10303776720144,2344.1575314736483,MIA
315968727.3157301,00000000-0000-0000-0000-000000025797,OTHERS,456.37943550989326,2348.039834858317,MIA
315968727.3157301,00000000-0000-0000-0000-000000025809,OTHERS,451.5675036450403,2354.6211032298293,MIA
315968727.3157301,00000000-0000-0000-0000-000000025810,OTHERS,378.46568770836166,2351.947619415061,MIA
315968727.3157301,00000000-0000-0000-0000-000000025803,OTHERS,433.43996913385286,2347.748800410129,MIA
315968727.3157301,00000000-0000-0000-0000-000000025772,OTHERS,497.6149316244243,2350.70739362208,MIA
315968727.3157301,00000000-0000-0000-0000-000000025804,OTHERS,446.368165240095,2354.482766438262,MIA
315968727.3157301,00000000-0000-0000-0000-000000025791,OTHERS,506.8049783831714,2347.4789560039785,MIA
315968727.3157301,00000000-0000-0000-0000-000000025787,OTHERS,494.8593596415642,2343.8841366837546,MIA
315968727.3157301,00000000-0000-0000-0000-000000025776,OTHERS,476.73067530847777,2349.608581973844,MIA
315968727.41646546,00000000-0000-0000-0000-000000000000,AV,476.46476408953316,2353.018124973554,MIA
315968727.41646546,00000000-0000-0000-0000-000000025549,OTHERS,440.353901156724,2351.364060523388,MIA
315968727.41646546,00000000-0000-0000-0000-000000025589,OTHERS,534.5368733037702,2350.288160807431,MIA
315968727.41646546,00000000-0000-0000-0000-000000025591,OTHERS,550.0623760268462,2354.7301295411835,MIA
315968727.41646546,00000000-0000-0000-0000-000000025603,OTHERS,535.7103510574385,2356.932773700089,MIA
315968727.41646546,00000000-0000-0000-0000-000000025772,OTHERS,498.4451435706627,2350.7408497003353,MIA
315968727.41646546,00000000-0000-0000-0000-000000025776,OTHERS,477.4593903493483,2349.351411863689,MIA
315968727.41646546,00000000-0000-0000-0000-000000025755,OTHERS,465.8484329340203,2355.4697011785424,MIA
315968727.41646546,00000000-0000-0000-0000-000000025800,OTHERS,458.993146731537,2355.0247666284945,MIA
315968727.41646546,00000000-0000-0000-0000-000000025787,OTHERS,495.8454538013696,2343.377089940804,MIA
315968727.41646546,00000000-0000-0000-0000-000000025732,AGENT,523.3245096833451,2353.2796872378085,MIA
315968727.41646546,00000000-0000-0000-0000-000000025819,OTHERS,424.37813193773627,2344.185149758905,MIA
315968727.41646546,00000000-0000-0000-0000-000000025797,OTHERS,457.30473500534316,2348.1054860983068,MIA
315968727.41646546,00000000-0000-0000-0000-000000025809,OTHERS,451.6022468194837,2354.530759354851,MIA
315968727.41646546,00000000-0000-0000-0000-000000025810,OTHERS,378.46568770836166,2351.947619415061,MIA
315968727.41646546,00000000-0000-0000-0000-000000025803,OTHERS,434.161560099558,2347.748766871773,MIA
315968727.41646546,00000000-0000-0000-0000-000000025823,OTHERS,422.93919895090414,2348.0203064846705,MIA
315968727.41646546,00000000-0000-0000-0000-000000025804,OTHERS,446.3086015016457,2354.567974445085,MIA
315968727.41646546,00000000-0000-0000-0000-000000025791,OTHERS,506.63747859423006,2347.669249194434,MIA
315968727.5154254,00000000-0000-0000-0000-000000000000,AV,475.3528945223389,2352.9568549917904,MIA
315968727.5154254,00000000-0000-0000-0000-000000025549,OTHERS,439.17012747773873,2351.357741560552,MIA
315968727.5154254,00000000-0000-0000-0000-000000025589,OTHERS,534.8341205508174,2350.320084071188,MIA
315968727.5154254,00000000-0000-0000-0000-000000025603,OTHERS,535.1962912413127,2357.031550063825,MIA
315968727.5154254,00000000-0000-0000-0000-000000025772,OTHERS,498.5673295622228,2350.5984935926635,MIA
315968727.5154254,00000000-0000-0000-0000-000000025776,OTHERS,478.34796957177963,2349.8542000974744,MIA
315968727.5154254,00000000-0000-0000-0000-000000025823,OTHERS,423.6213515677383,2347.792371509865,MIA
315968727.5154254,00000000-0000-0000-0000-000000025804,OTHERS,446.23481019258026,2354.5209034622158,MIA
315968727.5154254,00000000-0000-0000-0000-000000025755,OTHERS,465.82480182022795,2355.47288505536,MIA
315968727.5154254,00000000-0000-0000-0000-000000025800,OTHERS,459.0618641344082,2355.015405629293,MIA
315968727.5154254,00000000-0000-0000-0000-000000025787,OTHERS,495.9732292670512,2343.365375784833,MIA
315968727.5154254,00000000-0000-0000-0000-000000025732,AGENT,523.9976682398358,2353.2885554457957,MIA
315968727.5154254,00000000-0000-0000-0000-000000025819,OTHERS,424.197665185214,2344.236397733352,MIA
315968727.5154254,00000000-0000-0000-0000-000000025797,OTHERS,457.9411259702722,2348.0893575866503,MIA
315968727.5154254,00000000-0000-0000-0000-000000025809,OTHERS,451.5215303780288,2354.6162841436626,MIA
315968727.5154254,00000000-0000-0000-0000-000000025810,OTHERS,378.46568770836166,2351.947619415061,MIA
315968727.5154254,00000000-0000-0000-0000-000000025803,OTHERS,434.7782890029988,2347.7800509348776,MIA
315968727.5154254,00000000-0000-0000-0000-000000025791,OTHERS,506.94806864209227,2347.7607462305864,MIA
315968727.61195385,00000000-0000-0000-0000-000000000000,AV,474.2334405591138,2352.8955153845363,MIA
315968727.61195385,00000000-0000-0000-0000-000000025549,OTHERS,438.0016004730395,2351.237959902299,MIA
315968727.61195385,00000000-0000-0000-0000-000000025589,OTHERS,535.2735093205637,2350.401327632521,MIA
315968727.61195385,00000000-0000-0000-0000-000000025603,OTHERS,534.6760045122004,2357.02151304282,MIA
315968727.61195385,00000000-0000-0000-0000-000000025772,OTHERS,499.6202528449408,2350.729287037605,MIA
315968727.61195385,00000000-0000-0000-0000-000000025776,OTHERS,477.95345108939836,2349.854124246254,MIA
315968727.61195385,00000000-0000-0000-0000-000000025823,OTHERS,424.32843989100576,2347.884621190773,MIA
315968727.61195385,00000000-0000-0000-0000-000000025804,OTHERS,445.7411454770328,2354.370539914255,MIA
315968727.61195385,00000000-0000-0000-0000-000000025755,OTHERS,465.8317110320002,2355.4712673139115,MIA
315968727.61195385,00000000-0000-0000-0000-000000025800,OTHERS,459.05076441751254,2355.023430482689,MIA
315968727.61195385,00000000-0000-0000-0000-000000025787,OTHERS,495.9732292670512,2343.365375784833,MIA
315968727.61195385,00000000-0000-0000-0000-000000025732,AGENT,524.8259485381906,2353.0577699608248,MIA
315968727.61195385,00000000-0000-0000-0000-000000025819,OTHERS,424.09567460596634,2344.331737866738,MIA
315968727.61195385,00000000-0000-0000-0000-000000025797,OTHERS,458.68931063521933,2348.0710204224624,MIA
315968727.61195385,00000000-0000-0000-0000-000000025809,OTHERS,451.32994034596055,2354.60351894269,MIA
315968727.61195385,00000000-0000-0000-0000-000000025810,OTHERS,378.6565655314199,2351.684392239596,MIA
315968727.61195385,00000000-0000-0000-0000-000000025803,OTHERS,435.7705339714855,2347.657394690873,MIA
315968727.61195385,00000000-0000-0000-0000-000000025791,OTHERS,507.0797808432135,2347.748028341224,MIA
315968727.7224605,00000000-0000-0000-0000-000000000000,AV,472.99964585302666,2352.8312116024163,MIA
315968727.7224605,00000000-0000-0000-0000-000000025549,OTHERS,436.7925203660191,2351.194632013891,MIA
315968727.7224605,00000000-0000-0000-0000-000000025589,OTHERS,535.5248179044104,2350.240593239409,MIA
315968727.7224605,00000000-0000-0000-0000-000000025603,OTHERS,533.9991212262777,2356.815489163829,MIA
315968727.7224605,00000000-0000-0000-0000-000000025772,OTHERS,500.2397881514537,2350.7226059553445,MIA
315968727.7224605,00000000-0000-0000-0000-000000025776,OTHERS,478.7367240555328,2349.829468406049,MIA
315968727.7224605,00000000-0000-0000-0000-000000025826,OTHERS,456.6641113526909,2342.7581373583403,MIA
315968727.7224605,00000000-0000-0000-0000-000000025823,OTHERS,424.60415589329233,2347.599049043069,MIA
315968727.7224605,00000000-0000-0000-0000-000000025804,OTHERS,446.1736360262417,2354.4379652134116,MIA
315968727.7224605,00000000-0000-0000-0000-000000025755,OTHERS,465.8115653641248,2355.466666297102,MIA
315968727.7224605,00000000-0000-0000-0000-000000025800,OTHERS,459.0722743875805,2355.027075464693,MIA
315968727.7224605,00000000-0000-0000-0000-000000025787,OTHERS,495.9732292670512,2343.365375784833,MIA
315968727.7224605,00000000-0000-0000-0000-000000025732,AGENT,525.6601819273977,2353.2427680950345,MIA
315968727.7224605,00000000-0000-0000-0000-000000025819,OTHERS,424.1534735618433,2344.2301055825405,MIA
315968727.7224605,00000000-0000-0000-0000-000000025797,OTHERS,459.5230419327749,2348.080939514944,MIA
315968727.7224605,00000000-0000-0000-0000-000000025809,OTHERS,451.2164929514403,2354.584481954409,MIA
315968727.7224605,00000000-0000-0000-0000-000000025810,OTHERS,378.4432094414383,2351.9080177936803,MIA
315968727.7224605,00000000-0000-0000-0000-000000025803,OTHERS,436.62322691130487,2347.9425138487118,MIA
315968727.7224605,00000000-0000-0000-0000-000000025791,OTHERS,507.09627218067453,2347.831226547107,MIA
315968727.82192886,00000000-0000-0000-0000-000000000000,AV,471.8861153462056,2352.7740861894863,MIA
315968727.82192886,00000000-0000-0000-0000-000000025549,OTHERS,435.5026680450172,2351.137653331037,MIA
315968727.82192886,00000000-0000-0000-0000-000000025589,OTHERS,535.8023226867065,2350.264048764596,MIA
315968727.82192886,00000000-0000-0000-0000-000000025603,OTHERS,533.3318066422556,2356.9234097885783,MIA
315968727.82192886,00000000-0000-0000-0000-000000025772,OTHERS,501.17710468237397,2350.6713566350877,MIA
315968727.82192886,00000000-0000-0000-0000-000000025732,AGENT,526.6691495037243,2353.219957686269,MIA
315968727.82192886,00000000-0000-0000-0000-000000025819,OTHERS,423.38646495842494,2344.2797597597823,MIA
315968727.82192886,00000000-0000-0000-0000-000000025797,OTHERS,460.40209329307953,2348.152718880336,MIA
315968727.82192886,00000000-0000-0000-0000-000000025826,OTHERS,456.6641113526909,2342.7581373583403,MIA
315968727.82192886,00000000-0000-0000-0000-000000025823,OTHERS,426.128086042748,2347.896373361829,MIA
315968727.82192886,00000000-0000-0000-0000-000000025804,OTHERS,445.8416277251834,2354.401846355601,MIA
315968727.82192886,00000000-0000-0000-0000-000000025755,OTHERS,465.8440084047435,2355.457275766857,MIA
315968727.82192886,00000000-0000-0000-0000-000000025800,OTHERS,459.0105001637997,2355.018536065309,MIA
315968727.82192886,00000000-0000-0000-0000-000000025825,OTHERS,399.66551470718963,2346.690392144695,MIA
315968727.82192886,00000000-0000-0000-0000-000000025787,OTHERS,495.9732292670512,2343.365375784833,MIA
315968727.82192886,00000000-0000-0000-0000-000000025809,OTHERS,451.4129997351785,2354.6754989622245,MIA
315968727.82192886,00000000-0000-0000-0000-000000025810,OTHERS,378.4432094414383,2351.9080177936803,MIA
315968727.82192886,00000000-0000-0000-0000-000000025803,OTHERS,437.0082027578608,2347.9625868304197,MIA
315968727.82192886,00000000-0000-0000-0000-000000025791,OTHERS,507.20444545926284,2347.837916588713,MIA
315968727.82192886,00000000-0000-0000-0000-000000025776,OTHERS,479.55856514605483,2349.849391523944,MIA
315968727.91756403,00000000-0000-0000-0000-000000000000,AV,470.7538753795086,2352.7171517428305,MIA
315968727.91756403,00000000-0000-0000-0000-000000025549,OTHERS,434.3324205739936,2351.1494453449004,MIA
315968727.91756403,00000000-0000-0000-0000-000000025589,OTHERS,536.0494847995973,2350.479521199211,MIA
315968727.91756403,00000000-0000-0000-0000-000000025603,OTHERS,533.3318066422556,2356.9234097885783,MIA
315968727.91756403,00000000-0000-0000-0000-000000025797,OTHERS,461.27351399980506,2348.195205184677,MIA
315968727.91756403,00000000-0000-0000-0000-000000025809,OTHERS,451.41349419182984,2354.7146887421245,MIA
315968727.91756403,00000000-0000-0000-0000-000000025826,OTHERS,456.6548603026408,2342.773471238015,MIA
315968727.91756403,00000000-0000-0000-0000-000000025823,OTHERS,427.0429541905282,2347.9754409070592,MIA
315968727.91756403,00000000-0000-0000-0000-000000025804,OTHERS,446.1244117624782,2354.490517956395,MIA
315968727.91756403,00000000-0000-0000-0000-000000025800,OTHERS,459.02823739201585,2355.0235389389304,MIA
315968727.91756403,00000000-0000-0000-0000-000000025825,OTHERS,400.68053560988983,2346.673547193841,MIA
315968727.91756403,00000000-0000-0000-0000-000000025810,OTHERS,378.8206586912152,2351.864331832465,MIA
315968727.91756403,00000000-0000-0000-0000-000000025803,OTHERS,437.5448051587858,2348.029398967987,MIA
315968727.91756403,00000000-0000-0000-0000-000000025772,OTHERS,501.8398330470924,2350.6594426115544,MIA
315968727.91756403,00000000-0000-0000-0000-000000025791,OTHERS,507.2589517616607,2347.8093797454626,MIA
315968727.91756403,00000000-0000-0000-0000-000000025776,OTHERS,480.2961480307438,2349.865511788722,MIA
315968727.91756403,00000000-0000-0000-0000-000000025755,OTHERS,465.8699849316517,2355.4861779056123,MIA
315968727.91756403,00000000-0000-0000-0000-000000025819,OTHERS,424.34585576807024,2344.211134462481,MIA
315968727.91756403,00000000-0000-0000-0000-000000025732,AGENT,527.6025733387413,2353.506490097329,MIA
315968728.0267963,00000000-0000-0000-0000-000000000000,AV,469.5170988868986,2352.656547311758,MIA
315968728.0267963,00000000-0000-0000-0000-000000025549,OTHERS,432.9329444846861,2351.104645741353,MIA
315968728.0267963,00000000-0000-0000-0000-000000025589,OTHERS,536.4071366816593,2350.3258034757705,MIA
315968728.0267963,00000000-0000-0000-0000-000000025603,OTHERS,533.3318066422556,2356.9234097885783,MIA
315968728.0267963,00000000-0000-0000-0000-000000025755,OTHERS,465.79247336401636,2355.4680215319268,MIA
315968728.0267963,00000000-0000-0000-0000-000000025800,OTHERS,459.0793438616205,2355.036568835631,MIA
315968728.0267963,00000000-0000-0000-0000-000000025825,OTHERS,401.74737701543813,2346.5701147577647,MIA
315968728.0267963,00000000-0000-0000-0000-000000025823,OTHERS,425.71843947130066,2347.1243253760917,MIA
315968728.0267963,00000000-0000-0000-0000-000000025804,OTHERS,446.2332206411187,2354.450019578894,MIA
315968728.0267963,00000000-0000-0000-0000-000000025732,AGENT,528.2757322398747,2353.3496210070903,MIA
315968728.0267963,00000000-0000-0000-0000-000000025819,OTHERS,424.48555524177436,2344.0414732824147,MIA
315968728.0267963,00000000-0000-0000-0000-000000025797,OTHERS,461.960040008858,2348.2182856732584,MIA
315968728.0267963,00000000-0000-0000-0000-000000025809,OTHERS,451.48720336236494,2354.766904616937,MIA
315968728.0267963,00000000-0000-0000-0000-000000025810,OTHERS,378.98754392938116,2352.082726639401,MIA
315968728.0267963,00000000-0000-0000-0000-000000025803,OTHERS,438.327657906028,2347.8886392408012,MIA
315968728.0267963,00000000-0000-0000-0000-000000025772,OTHERS,502.8610054862806,2350.716038672901,MIA
315968728.0267963,00000000-0000-0000-0000-000000025791,OTHERS,507.2347191277205,2347.879902100409,MIA
315968728.0267963,00000000-0000-0000-0000-000000025776,OTHERS,480.9518285956452,2349.875759046073,MIA
315968728.11292404,00000000-0000-0000-0000-000000000000,AV,468.510848321327,2352.60753983971,MIA
315968728.11292404,00000000-0000-0000-0000-000000025549,OTHERS,431.6173451681916,2351.0158385153195,MIA
315968728.11292404,00000000-0000-0000-0000-000000025589,OTHERS,536.7019096904603,2350.305519530261,MIA
315968728.11292404,00000000-0000-0000-0000-000000025603,OTHERS,533.3318066422556,2356.9234097885783,MIA
315968728.11292404,00000000-0000-0000-0000-000000025755,OTHERS,465.8131042150808,2355.461207576629,MIA
315968728.11292404,00000000-0000-0000-0000-000000025800,OTHERS,459.1126802555193,2355.032909670643,MIA
315968728.11292404,00000000-0000-0000-0000-000000025825,OTHERS,402.2138323660356,2347.169710509556,MIA
315968728.11292404,00000000-0000-0000-0000-000000025823,OTHERS,426.76470569294713,2347.376342496929,MIA
315968728.11292404,00000000-0000-0000-0000-000000025804,OTHERS,445.3360752239202,2354.616226284216,MIA
315968728.11292404,00000000-0000-0000-0000-000000025732,AGENT,529.0401491190361,2353.047748985965,MIA
315968728.11292404,00000000-0000-0000-0000-000000025819,OTHERS,423.5747754257969,2344.214744680983,MIA
315968728.11292404,00000000-0000-0000-0000-000000025827,OTHERS,531.4680069428965,2356.942583566247,MIA
315968728.11292404,00000000-0000-0000-0000-000000025797,OTHERS,462.7387748231944,2348.253266429216,MIA
315968728.11292404,00000000-0000-0000-0000-000000025809,OTHERS,451.55081350410734,2354.7415673358123,MIA
315968728.11292404,00000000-0000-0000-0000-000000025810,OTHERS,378.7128729894668,2351.912551149191,MIA
315968728.11292404,00000000-0000-0000-0000-000000025803,OTHERS,438.98764275041253,2348.0274526554113,MIA
315968728.11292404,00000000-0000-0000-0000-000000025772,OTHERS,503.51090544221495,2350.5415361754394,MIA
315968728.11292404,00000000-0000-0000-0000-000000025791,OTHERS,507.27707526046174,2348.065500816641,MIA
315968728.11292404,00000000-0000-0000-0000-000000025776,OTHERS,481.8315231669249,2349.926466861196,MIA
315968728.2210532,00000000-0000-0000-0000-000000000000,AV,467.2502766068309,2352.545648833613,MIA
315968728.2210532,00000000-0000-0000-0000-000000025549,OTHERS,430.3562580067392,2350.9811157776285,MIA
315968728.2210532,00000000-0000-0000-0000-000000025589,OTHERS,536.9858700255813,2350.3375016157597,MIA
315968728.2210532,00000000-0000-0000-0000-000000025755,OTHERS,465.665795768208,2355.444117665389,MIA
315968728.2210532,00000000-0000-0000-0000-000000025800,OTHERS,459.0016795538121,2355.0191311783856,MIA
315968728.2210532,00000000-0000-0000-0000-000000025825,OTHERS,402.75682174310884,2346.7163018891697,MIA
315968728.2210532,00000000-0000-0000-0000-000000025823,OTHERS,428.6510622480167,2347.9003366263423,MIA
315968728.2210532,00000000-0000-0000-0000-000000025804,OTHERS,445.5243639803614,2354.6944569922425,MIA
315968728.2210532,00000000-0000-0000-0000-000000025828,OTHERS,429.3859263257151,2347.823664268243,MIA
315968728.2210532,00000000-0000-0000-0000-000000025732,AGENT,530.0589027546316,2353.4877588273243,MIA
315968728.2210532,00000000-0000-0000-0000-000000025819,OTHERS,424.23506504305357,2343.995150919376,MIA
315968728.2210532,00000000-0000-0000-0000-000000025827,OTHERS,530.7775417668495,2356.8586276076157,MIA
315968728.2210532,00000000-0000-0000-0000-000000025797,OTHERS,463.6567169966265,2348.3137584926435,MIA
315968728.2210532,00000000-0000-0000-0000-000000025809,OTHERS,451.07279801518956,2354.6928892149945,MIA
315968728.2210532,00000000-0000-0000-0000-000000025810,OTHERS,378.74607849714124,2351.8121882239357,MIA
315968728.2210532,00000000-0000-0000-0000-000000025803,OTHERS,439.7826843817069,2348.020523573964,MIA
315968728.2210532,00000000-0000-0000-0000-000000025772,OTHERS,504.28617046929895,2350.7646945732404,MIA
315968728.2210532,00000000-0000-0000-0000-000000025791,OTHERS,507.27707526046174,2348.065500816641,MIA
315968728.2210532,00000000-0000-0000-0000-000000025776,OTHERS,482.5349572723577,2349.9436780056017,MIA
315968728.32019764,00000000-0000-0000-0000-000000000000,AV,466.1124845739717,2352.4912240398244,MIA
315968728.32019764,00000000-0000-0000-0000-000000025549,OTHERS,429.16548464083326,2350.969799484728,MIA
315968728.32019764,00000000-0000-0000-0000-000000025589,OTHERS,537.2541761600058,2350.628097803849,MIA
315968728.32019764,00000000-0000-0000-0000-000000025822,OTHERS,445.2858134814287,2354.345469694594,MIA
315968728.32019764,00000000-0000-0000-0000-000000025800,OTHERS,459.0055586620677,2355.0494438507667,MIA
315968728.32019764,00000000-0000-0000-0000-000000025825,OTHERS,404.32362494084725,2346.75914045671,MIA
315968728.32019764,00000000-0000-0000-0000-000000025732,AGENT,530.8756170910983,2353.3488469327945,MIA
315968728.32019764,00000000-0000-0000-0000-000000025819,OTHERS,423.2727408372711,2344.155453187193,MIA
315968728.32019764,00000000-0000-0000-0000-000000025828,OTHERS,429.8783589122405,2347.784591280189,MIA
315968728.32019764,00000000-0000-0000-0000-000000025797,OTHERS,464.3687961932908,2348.395229965768,MIA
315968728.32019764,00000000-0000-0000-0000-000000025827,OTHERS,530.2702778178029,2356.837543604573,MIA
315968728.32019764,00000000-0000-0000-0000-000000025809,OTHERS,451.08020018979727,2354.6840475303816,MIA
315968728.32019764,00000000-0000-0000-0000-000000025810,OTHERS,378.8309234948362,2351.861106107504,MIA
315968728.32019764,00000000-0000-0000-0000-000000025803,OTHERS,440.14231806337784,2348.0193330143466,MIA
315968728.32019764,00000000-0000-0000-0000-000000025772,OTHERS,505.20777009413337,2350.575150211525,MIA
315968728.32019764,00000000-0000-0000-0000-000000025823,OTHERS,428.1697699808056,2347.306485143217,MIA
315968728.32019764,00000000-0000-0000-0000-000000025804,OTHERS,444.14098365375986,2355.098816648663,MIA
315968728.32019764,00000000-0000-0000-0000-000000025791,OTHERS,507.27707526046174,2348.065500816641,MIA
315968728.32019764,00000000-0000-0000-0000-000000025776,OTHERS,483.4062357101,2349.9562313012743,MIA
315968728.32019764,00000000-0000-0000-0000-000000025755,OTHERS,465.71881408397263,2355.419005349942,MIA
315968728.41963214,00000000-0000-0000-0000-000000000000,AV,464.851917962053,2352.4332359484342,MIA
315968728.41963214,00000000-0000-0000-0000-000000025549,OTHERS,427.97634911743785,2350.918854446508,MIA
315968728.41963214,00000000-0000-0000-0000-000000025589,OTHERS,537.4901662624427,2350.4215668764928,MIA
315968728.41963214,00000000-0000-0000-0000-000000025755,OTHERS,465.29010875838685,2355.5169065207456,MIA
315968728.41963214,00000000-0000-0000-0000-000000025822,OTHERS,444.37261069049174,2355.05761683022,MIA
315968728.41963214,00000000-0000-0000-0000-000000025800,OTHERS,459.0311133777855,2355.046220355842,MIA
315968728.41963214,00000000-0000-0000-0000-000000025825,OTHERS,404.4929114928789,2346.762381045684,MIA
315968728.41963214,00000000-0000-0000-0000-000000025828,OTHERS,430.51005684159065,2347.738946169125,MIA
315968728.41963214,00000000-0000-0000-0000-000000025732,AGENT,531.6952927915771,2353.567765915434,MIA
315968728.41963214,00000000-0000-0000-0000-000000025819,OTHERS,423.47253495876646,2344.176441622174,MIA
315968728.41963214,00000000-0000-0000-0000-000000025827,OTHERS,529.6151271061738,2356.8678181812234,MIA
315968728.41963214,00000000-0000-0000-0000-000000025797,OTHERS,465.2575239637408,2348.5531752396437,MIA
315968728.41963214,00000000-0000-0000-0000-000000025809,OTHERS,451.12462554056435,2354.699758144286,MIA
315968728.41963214,00000000-0000-0000-0000-000000025810,OTHERS,378.8309234948362,2351.861106107504,MIA
315968728.41963214,00000000-0000-0000-0000-000000025803,OTHERS,441.1847467667843,2348.043279724625,MIA
315968728.41963214,00000000-0000-0000-0000-000000025772,OTHERS,505.89731912958877,2350.754396985244,MIA
315968728.41963214,00000000-0000-0000-0000-000000025823,OTHERS,428.8889437399605,2347.53310636482,MIA
315968728.41963214,00000000-0000-0000-0000-000000025804,OTHERS,445.2667923912825,2354.285360549475,MIA
315968728.41963214,00000000-0000-0000-0000-000000025791,OTHERS,507.27707526046174,2348.065500816641,MIA
315968728.41963214,00000000-0000-0000-0000-000000025776,OTHERS,484.135220328416,2349.9790548074398,MIA
315968728.53030586,00000000-0000-0000-0000-000000000000,AV,463.5912103608691,2352.3774138521358,MIA
315968728.53030586,00000000-0000-0000-0000-000000025549,OTHERS,426.9491319298674,2350.8366936463235,MIA
315968728.53030586,00000000-0000-0000-0000-000000025589,OTHERS,537.7752373112535,2350.363636106814,MIA
315968728.53030586,00000000-0000-0000-0000-000000025822,OTHERS,444.5823622408502,2355.1049846499304,MIA
315968728.53030586,00000000-0000-0000-0000-000000025800,OTHERS,458.96794050130796,2355.008175483618,MIA
315968728.53030586,00000000-0000-0000-0000-000000025825,OTHERS,405.98873313312026,2346.7598978248197,MIA
315968728.53030586,00000000-0000-0000-0000-000000025828,OTHERS,430.51005684159065,2347.738946169125,MIA
315968728.53030586,00000000-0000-0000-0000-000000025732,AGENT,532.5455738920365,2353.665653001958,MIA
315968728.53030586,00000000-0000-0000-0000-000000025819,OTHERS,423.2442910541414,2344.1854049957474,MIA
315968728.53030586,00000000-0000-0000-0000-000000025827,OTHERS,528.9429362501053,2356.8364699844933,MIA
315968728.53030586,00000000-0000-0000-0000-000000025797,OTHERS,465.8614617910277,2348.764699240497,MIA
315968728.53030586,00000000-0000-0000-0000-000000025809,OTHERS,451.25358523997056,2354.716136983436,MIA
315968728.53030586,00000000-0000-0000-0000-000000025810,OTHERS,378.8309234948362,2351.861106107504,MIA
315968728.53030586,00000000-0000-0000-0000-000000025803,OTHERS,441.71207283967345,2348.072903375249,MIA
315968728.53030586,00000000-0000-0000-0000-000000025772,OTHERS,506.78225859031363,2350.8230047452284,MIA
315968728.53030586,00000000-0000-0000-0000-000000025823,OTHERS,430.30688715843803,2347.4987387121632,MIA
315968728.53030586,00000000-0000-0000-0000-000000025804,OTHERS,445.2176339285827,2354.3241058425792,MIA
315968728.53030586,00000000-0000-0000-0000-000000025776,OTHERS,484.8544772717783,2350.030638826844,MIA
315968728.53030586,00000000-0000-0000-0000-000000025755,OTHERS,465.1894071230052,2355.570488316858,MIA
315968728.62276363,00000000-0000-0000-0000-000000000000,AV,462.54637351975305,2352.3312066923418,MIA
315968728.62276363,00000000-0000-0000-0000-000000025549,OTHERS,425.5067402547,2350.728443194856,MIA
315968728.62276363,00000000-0000-0000-0000-000000025589,OTHERS,538.0248732412039,2350.730931617049,MIA
315968728.62276363,00000000-0000-0000-0000-000000025755,OTHERS,465.0470902788278,2355.544917806821,MIA
315968728.62276363,00000000-0000-0000-0000-000000025772,OTHERS,507.5814504100012,2350.789486030473,MIA
315968728.62276363,00000000-0000-0000-0000-000000025825,OTHERS,406.29920195772974,2346.816760150245,MIA
315968728.62276363,00000000-0000-0000-0000-000000025828,OTHERS,430.51005684159065,2347.738946169125,MIA
315968728.62276363,00000000-0000-0000-0000-000000025810,OTHERS,378.8309234948362,2351.861106107504,MIA
315968728.62276363,00000000-0000-0000-0000-000000025803,OTHERS,442.382492593698,2348.065660772809,MIA
315968728.62276363,00000000-0000-0000-0000-000000025822,OTHERS,444.2941178043957,2355.084702151173,MIA
315968728.62276363,00000000-0000-0000-0000-000000025800,OTHERS,458.9842961825788,2355.009373366662,MIA
315968728.62276363,00000000-0000-0000-0000-000000025732,AGENT,533.3453474008556,2353.5435398286168,MIA
315968728.62276363,00000000-0000-0000-0000-000000025819,OTHERS,423.63772568322577,2344.231339775349,MIA
315968728.62276363,00000000-0000-0000-0000-000000025827,OTHERS,528.3145587366249,2356.829028148228,MIA
315968728.62276363,00000000-0000-0000-0000-000000025797,OTHERS,466.23407171034256,2348.537321401357,MIA
315968728.62276363,00000000-0000-0000-0000-000000025809,OTHERS,451.0880555298394,2354.7251152750605,MIA
315968728.62276363,00000000-0000-0000-0000-000000025823,OTHERS,431.1454630178299,2347.558599688079,MIA
315968728.62276363,00000000-0000-0000-0000-000000025804,OTHERS,445.28113362631206,2354.2977271616073,MIA
315968728.62276363,00000000-0000-0000-0000-000000025776,OTHERS,485.6066985495826,2350.068592991263,MIA
315968728.73132604,00000000-0000-0000-0000-000000000000,AV,461.2749256093883,2352.276543549321,MIA
315968728.73132604,00000000-0000-0000-0000-000000025549,OTHERS,424.2846044651265,2350.6601073560896,MIA
315968728.73132604,00000000-0000-0000-0000-000000025589,OTHERS,538.3041720692244,2350.511676933761,MIA
315968728.73132604,00000000-0000-0000-0000-000000025830,OTHERS,557.8118649712895,2356.4912207894586,MIA
315968728.73132604,00000000-0000-0000-0000-000000025825,OTHERS,407.6917363470352,2346.9182757515077,MIA
315968728.73132604,00000000-0000-0000-0000-000000025803,OTHERS,443.3289005111295,2348.071161245246,MIA
315968728.73132604,00000000-0000-0000-0000-000000025772,OTHERS,508.5756922657509,2350.948347940269,MIA
315968728.73132604,00000000-0000-0000-0000-000000025827,OTHERS,527.4258411089731,2356.702781208421,MIA
315968728.73132604,00000000-0000-0000-0000-000000025797,OTHERS,467.0565374684729,2348.603760955113,MIA
315968728.73132604,00000000-0000-0000-0000-000000025809,OTHERS,451.10019598465203,2354.7159082329586,MIA
315968728.73132604,00000000-0000-0000-0000-000000025823,OTHERS,431.8872766740155,2347.4915127329323,MIA
315968728.73132604,00000000-0000-0000-0000-000000025804,OTHERS,444.9859698702752,2354.470907678923,MIA
315968728.73132604,00000000-0000-0000-0000-000000025800,OTHERS,458.98230707372187,2355.025422820142,MIA
315968728.73132604,00000000-0000-0000-0000-000000025776,OTHERS,486.4092883035053,2350.0346882335484,MIA
315968728.73132604,00000000-0000-0000-0000-000000025755,OTHERS,465.2189394168407,2355.5859920392936,MIA
315968728.73132604,00000000-0000-0000-0000-000000025819,OTHERS,424.1496025015314,2344.179044167681,MIA
315968728.73132604,00000000-0000-0000-0000-000000025732,AGENT,534.1871452155873,2353.715880401091,MIA
315968728.81688416,00000000-0000-0000-0000-000000000000,AV,460.2301697061457,2352.2323919620217,MIA
315968728.81688416,00000000-0000-0000-0000-000000025549,OTHERS,423.0987259351001,2350.686524338409,MIA
315968728.81688416,00000000-0000-0000-0000-000000025589,OTHERS,538.5122045784597,2350.2492942802405,MIA
315968728.81688416,00000000-0000-0000-0000-000000025830,OTHERS,557.8118649712895,2356.4912207894586,MIA
315968728.81688416,00000000-0000-0000-0000-000000025825,OTHERS,408.52216929252785,2346.9554366079683,MIA
315968728.81688416,00000000-0000-0000-0000-000000025803,OTHERS,444.2088837745815,2348.15846496374,MIA
315968728.81688416,00000000-0000-0000-0000-000000025772,OTHERS,509.4134120261057,2350.8252319413377,MIA
315968728.81688416,00000000-0000-0000-0000-000000025827,OTHERS,526.6730477389383,2356.6847125266104,MIA
315968728.81688416,00000000-0000-0000-0000-000000025797,OTHERS,467.61657655932197,2348.664218233081,MIA
315968728.81688416,00000000-0000-0000-0000-000000025809,OTHERS,451.1132948068973,2354.725840993492,MIA
315968728.81688416,00000000-0000-0000-0000-000000025823,OTHERS,432.4722593257455,2347.5185312743483,MIA
315968728.81688416,00000000-0000-0000-0000-000000025804,OTHERS,445.0524506042749,2354.488541268025,MIA
315968728.81688416,00000000-0000-0000-0000-000000025800,OTHERS,458.92338988963786,2354.9908745812204,MIA
315968728.81688416,00000000-0000-0000-0000-000000025776,OTHERS,486.7121983129608,2350.036236113589,MIA
315968728.81688416,00000000-0000-0000-0000-000000025755,OTHERS,464.9732522665763,2355.557301383471,MIA
315968728.81688416,00000000-0000-0000-0000-000000025819,OTHERS,424.3560477168144,2343.9921018128084,MIA
315968728.81688416,00000000-0000-0000-0000-000000025732,AGENT,535.1237691786657,2353.9926463779143,MIA
315968728.9223911,00000000-0000-0000-0000-000000000000,AV,458.9480838115129,2352.179115273905,MIA
315968728.9223911,00000000-0000-0000-0000-000000025549,OTHERS,421.9995715559398,2350.597016684687,MIA
315968728.9223911,00000000-0000-0000-0000-000000025755,OTHERS,464.928608186686,2355.567693835427,MIA
315968728.9223911,00000000-0000-0000-0000-000000025830,OTHERS,557.8118649712895,2356.4912207894586,MIA
315968728.9223911,00000000-0000-0000-0000-000000025803,OTHERS,444.8058217473659,2348.1539751598793,MIA
315968728.9223911,00000000-0000-0000-0000-000000025772,OTHERS,510.28413536966417,2350.800673147948,MIA
315968728.9223911,00000000-0000-0000-0000-000000025589,OTHERS,538.6874512200178,2350.327690996384,MIA
315968728.9223911,00000000-0000-0000-0000-000000025800,OTHERS,458.80294708198784,2355.0030481579474,MIA
315968728.9223911,00000000-0000-0000-0000-000000025825,OTHERS,408.819827967992,2346.910951485149,MIA
315968728.9223911,00000000-0000-0000-0000-000000025732,AGENT,535.816307665472,2354.165107925113,MIA
315968728.9223911,00000000-0000-0000-0000-000000025819,OTHERS,423.5834291632306,2343.9747733664103,MIA
315968728.9223911,00000000-0000-0000-0000-000000025827,OTHERS,526.328472132394,2356.781369114367,MIA
315968728.9223911,00000000-0000-0000-0000-000000025797,OTHERS,468.37122752643796,2348.673493938357,MIA
315968728.9223911,00000000-0000-0000-0000-000000025809,OTHERS,451.17446506901496,2354.714794354613,MIA
315968728.9223911,00000000-0000-0000-0000-000000025823,OTHERS,433.1110587905877,2347.595903638266,MIA
315968728.9223911,00000000-0000-0000-0000-000000025804,OTHERS,444.9117986876017,2354.497904227077,MIA
315968728.9223911,00000000-0000-0000-0000-000000025776,OTHERS,487.34566878614754,2350.0026926815285,MIA
315968729.01746464,00000000-0000-0000-0000-000000000000,AV,457.7906503211131,2352.1332169833913,MIA
315968729.01746464,00000000-0000-0000-0000-000000025549,OTHERS,420.7951073286566,2350.5530787368225,MIA
315968729.01746464,00000000-0000-0000-0000-000000025755,OTHERS,464.8904417353098,2355.541561049589,MIA
315968729.01746464,00000000-0000-0000-0000-000000025830,OTHERS,557.8118649712895,2356.4912207894586,MIA
315968729.01746464,00000000-0000-0000-0000-000000025589,OTHERS,538.9129138122178,2350.6492075474443,MIA
315968729.01746464,00000000-0000-0000-0000-000000025800,OTHERS,458.6219409520445,2354.962575065483,MIA
315968729.01746464,00000000-0000-0000-0000-000000025832,OTHERS,378.8418278694902,2352.069683078953,MIA
315968729.01746464,00000000-0000-0000-0000-000000025803,OTHERS,445.71734266166084,2348.207066227964,MIA
315968729.01746464,00000000-0000-0000-0000-000000025772,OTHERS,510.98735496141745,2350.8481821902124,MIA
315968729.01746464,00000000-0000-0000-0000-000000025825,OTHERS,409.65124648417196,2346.953240270845,MIA
315968729.01746464,00000000-0000-0000-0000-000000025732,AGENT,536.8443600929564,2353.8820495927835,MIA
315968729.01746464,00000000-0000-0000-0000-000000025834,OTHERS,457.451428429203,2355.7191522863845,MIA
315968729.01746464,00000000-0000-0000-0000-000000025819,OTHERS,423.5783835811391,2343.898537970886,MIA
315968729.01746464,00000000-0000-0000-0000-000000025827,OTHERS,525.4567308581087,2356.6801336428416,MIA
315968729.01746464,00000000-0000-0000-0000-000000025797,OTHERS,469.24606192667886,2348.755016447872,MIA
315968729.01746464,00000000-0000-0000-0000-000000025809,OTHERS,451.04100289707213,2354.7297828663445,MIA
315968729.01746464,00000000-0000-0000-0000-000000025823,OTHERS,433.66558705147565,2347.5908020318648,MIA
315968729.01746464,00000000-0000-0000-0000-000000025804,OTHERS,444.9692100120765,2354.507847990453,MIA
315968729.01746464,00000000-0000-0000-0000-000000025776,OTHERS,488.73999362289015,2350.141228632905,MIA
315968729.1182305,00000000-0000-0000-0000-000000000000,AV,456.6106714701934,2352.086452473277,MIA
315968729.1182305,00000000-0000-0000-0000-000000025549,OTHERS,419.56180428725145,2350.4401733576674,MIA
315968729.1182305,00000000-0000-0000-0000-000000025825,OTHERS,411.02769153974265,2347.0568403826023,MIA
315968729.1182305,00000000-0000-0000-0000-000000025589,OTHERS,539.0827404332496,2350.355172895989,MIA
315968729.1182305,00000000-0000-0000-0000-000000025800,OTHERS,458.43907824576485,2355.1220763646165,MIA
315968729.1182305,00000000-0000-0000-0000-000000025832,OTHERS,378.31976855014085,2352.043913932446,MIA
315968729.1182305,00000000-0000-0000-0000-000000025803,OTHERS,446.5072917085897,2348.2185300180604,MIA
315968729.1182305,00000000-0000-0000-0000-000000025772,OTHERS,511.9094684619385,2350.996727604805,MIA
315968729.1182305,00000000-0000-0000-0000-000000025732,AGENT,536.8443600929564,2353.8820495927835,MIA
315968729.1182305,00000000-0000-0000-0000-000000025834,OTHERS,457.3136916583371,2355.587005194605,MIA
315968729.1182305,00000000-0000-0000-0000-000000025819,OTHERS,423.7111167811772,2343.7258960560957,MIA
315968729.1182305,00000000-0000-0000-0000-000000025827,OTHERS,524.6273743092046,2356.610219481936,MIA
315968729.1182305,00000000-0000-0000-0000-000000025797,OTHERS,470.1455193806299,2348.776337518565,MIA
315968729.1182305,00000000-0000-0000-0000-000000025809,OTHERS,451.02634776411486,2354.7648707153103,MIA
315968729.1182305,00000000-0000-0000-0000-000000025823,OTHERS,434.30745512711263,2347.601240926433,MIA
315968729.1182305,00000000-0000-0000-0000-000000025804,OTHERS,444.9966752128845,2354.525467868866,MIA
315968729.1182305,00000000-0000-0000-0000-000000025776,OTHERS,488.61713150445917,2350.002210680685,MIA
315968729.1182305,00000000-0000-0000-0000-000000025755,OTHERS,464.8455543964108,2355.564924051926,MIA
315968729.2182994,00000000-0000-0000-0000-000000000000,AV,455.4357887372705,2352.042234412924,MIA
315968729.2182994,00000000-0000-0000-0000-000000025549,OTHERS,418.1168719334557,2350.3163770869755,MIA
315968729.2182994,00000000-0000-0000-0000-000000025589,OTHERS,539.2649812557148,2350.645002179586,MIA
315968729.2182994,00000000-0000-0000-0000-000000025755,OTHERS,464.8795903133856,2355.561176760914,MIA
315968729.2182994,00000000-0000-0000-0000-000000025832,OTHERS,378.7709336705551,2352.041263162927,MIA
315968729.2182994,00000000-0000-0000-0000-000000025803,OTHERS,447.360404731599,2348.228029531645,MIA
315968729.2182994,00000000-0000-0000-0000-000000025772,OTHERS,511.9094684619385,2350.996727604805,MIA
315968729.2182994,00000000-0000-0000-0000-000000025835,OTHERS,395.7548372001677,2343.015575159844,MIA
315968729.2182994,00000000-0000-0000-0000-000000025825,OTHERS,411.4254514852912,2347.0671167892265,MIA
315968729.2182994,00000000-0000-0000-0000-000000025804,OTHERS,445.0173978688592,2354.5419849262803,MIA
315968729.2182994,00000000-0000-0000-0000-000000025823,OTHERS,435.033742441588,2347.558959927221,MIA
315968729.2182994,00000000-0000-0000-0000-000000025732,AGENT,536.8443600929564,2353.8820495927835,MIA
315968729.2182994,00000000-0000-0000-0000-000000025834,OTHERS,457.3136916583371,2355.587005194605,MIA
315968729.2182994,00000000-0000-0000-0000-000000025819,OTHERS,424.4562162654978,2343.4231456483944,MIA
315968729.2182994,00000000-0000-0000-0000-000000025827,OTHERS,524.0558635209585,2356.694757258777,MIA
315968729.2182994,00000000-0000-0000-0000-000000025797,OTHERS,470.83021733581046,2348.8225617824155,MIA
315968729.2182994,00000000-0000-0000-0000-000000025809,OTHERS,451.0086984526709,2354.779664024364,MIA
315968729.2182994,00000000-0000-0000-0000-000000025800,OTHERS,458.4587374590905,2355.1403641694133,MIA
315968729.2182994,00000000-0000-0000-0000-000000025776,OTHERS,489.35889737050087,2350.020145810147,MIA
315968729.32293934,00000000-0000-0000-0000-000000000000,AV,454.1400542567375,2351.99378840602,MIA
315968729.32293934,00000000-0000-0000-0000-000000025589,OTHERS,539.3764879264493,2350.384317694039,MIA
315968729.32293934,00000000-0000-0000-0000-000000025755,OTHERS,464.8107290167365,2355.5664923870772,MIA
315968729.32293934,00000000-0000-0000-0000-000000025772,OTHERS,511.9094684619385,2350.996727604805,MIA
315968729.32293934,00000000-0000-0000-0000-000000025776,OTHERS,490.2782041652295,2350.027696491503,MIA
315968729.32293934,00000000-0000-0000-0000-000000025835,OTHERS,395.8059019777928,2342.912205858055,MIA
315968729.32293934,00000000-0000-0000-0000-000000025809,OTHERS,450.9879027809925,2354.760427393175,MIA
315968729.32293934,00000000-0000-0000-0000-000000025549,OTHERS,416.89266693481864,2350.4123152195293,MIA
315968729.32293934,00000000-0000-0000-0000-000000025832,OTHERS,378.65708711946337,2351.883990402095,MIA
315968729.32293934,00000000-0000-0000-0000-000000025803,OTHERS,448.1591729220337,2348.297129355961,MIA
315968729.32293934,00000000-0000-0000-0000-000000025825,OTHERS,412.00449675590164,2347.1492709660074,MIA
315968729.32293934,00000000-0000-0000-0000-000000025804,OTHERS,445.16930729908273,2354.5120364660793,MIA
315968729.32293934,00000000-0000-0000-0000-000000025823,OTHERS,435.7890254878512,2347.619275581909,MIA
315968729.32293934,00000000-0000-0000-0000-000000025732,AGENT,539.2594325701082,2354.567820996979,MIA
315968729.32293934,00000000-0000-0000-0000-000000025834,OTHERS,457.38369374966834,2355.3783593017292,MIA
315968729.32293934,00000000-0000-0000-0000-000000025819,OTHERS,424.4562162654978,2343.4231456483944,MIA
315968729.32293934,00000000-0000-0000-0000-000000025827,OTHERS,523.4172973874173,2356.576644939297,MIA
315968729.32293934,00000000-0000-0000-0000-000000025797,OTHERS,471.4963552086125,2348.8396363444704,MIA
315968729.32293934,00000000-0000-0000-0000-000000025800,OTHERS,458.3142882131608,2355.042076902928,MIA
315968729.42165005,00000000-0000-0000-0000-000000000000,AV,452.9702875418115,2351.950385421149,MIA
315968729.42165005,00000000-0000-0000-0000-000000025589,OTHERS,539.5074242291329,2350.739245124097,MIA
315968729.42165005,00000000-0000-0000-0000-000000025755,OTHERS,464.7813326862216,2355.551696118267,MIA
315968729.42165005,00000000-0000-0000-0000-000000025772,OTHERS,511.9094684619385,2350.996727604805,MIA
315968729.42165005,00000000-0000-0000-0000-000000025776,OTHERS,490.914989784866,2350.073787243905,MIA
315968729.42165005,00000000-0000-0000-0000-000000025835,OTHERS,395.6717541165588,2342.9808258048624,MIA
315968729.42165005,00000000-0000-0000-0000-000000025809,OTHERS,450.9722811102902,2354.6804187732896,MIA
315968729.42165005,00000000-0000-0000-0000-000000025549,OTHERS,415.68750586187,2350.3204986876945,MIA
315968729.42165005,00000000-0000-0000-0000-000000025839,OTHERS,514.3630176412495,2351.0555502941033,MIA
315968729.42165005,00000000-0000-0000-0000-000000025832,OTHERS,378.53430078419996,2352.061864979291,MIA
315968729.42165005,00000000-0000-0000-0000-000000025803,OTHERS,448.906263488107,2348.2894556535807,MIA
315968729.42165005,00000000-0000-0000-0000-000000025825,OTHERS,412.8379410035807,2347.2078937390256,MIA
315968729.42165005,00000000-0000-0000-0000-000000025804,OTHERS,445.18576874820883,2354.534566596899,MIA
315968729.42165005,00000000-0000-0000-0000-000000025823,OTHERS,436.3973167387477,2347.588520428045,MIA
315968729.42165005,00000000-0000-0000-0000-000000025732,AGENT,539.2594325701082,2354.567820996979,MIA
315968729.42165005,00000000-0000-0000-0000-000000025834,OTHERS,457.3557164020515,2355.27170831088,MIA
315968729.42165005,00000000-0000-0000-0000-000000025819,OTHERS,424.4562162654978,2343.4231456483944,MIA
315968729.42165005,00000000-0000-0000-0000-000000025827,OTHERS,522.5213129233638,2356.627809959613,MIA
315968729.42165005,00000000-0000-0000-0000-000000025797,OTHERS,472.2684615148771,2348.926809151511,MIA
315968729.42165005,00000000-0000-0000-0000-000000025800,OTHERS,458.1391389386232,2355.0620128121764,MIA
315968729.52282214,00000000-0000-0000-0000-000000000000,AV,451.6545389324778,2351.901630821441,MIA
315968729.52282214,00000000-0000-0000-0000-000000025589,OTHERS,539.6154176020943,2350.745239193429,MIA
315968729.52282214,00000000-0000-0000-0000-000000025755,OTHERS,464.82567712417153,2355.517684046297,MIA
315968729.52282214,00000000-0000-0000-0000-000000025776,OTHERS,491.7368609983834,2350.088537704986,MIA
315968729.52282214,00000000-0000-0000-0000-000000025800,OTHERS,457.92693604348773,2355.030612579701,MIA
315968729.52282214,00000000-0000-0000-0000-000000025836,OTHERS,506.1900128459508,2347.1934943780257,MIA
315968729.52282214,00000000-0000-0000-0000-000000025549,OTHERS,414.6363810304815,2350.186567192204,MIA
315968729.52282214,00000000-0000-0000-0000-000000025839,OTHERS,515.12473203428,2351.0365611554216,MIA
315968729.52282214,00000000-0000-0000-0000-000000025809,OTHERS,451.04394419290367,2354.7015192917,MIA
315968729.52282214,00000000-0000-0000-0000-000000025835,OTHERS,395.8904465176651,2342.735962782393,MIA
315968729.52282214,00000000-0000-0000-0000-000000025797,OTHERS,473.1033036083602,2348.9157292532354,MIA
315968729.52282214,00000000-0000-0000-0000-000000025827,OTHERS,521.9246116483141,2356.478342195373,MIA
315968729.52282214,00000000-0000-0000-0000-000000025832,OTHERS,378.85132029598856,2351.954830279737,MIA
315968729.52282214,00000000-0000-0000-0000-000000025803,OTHERS,449.7614530075978,2348.346728909232,MIA
315968729.52282214,00000000-0000-0000-0000-000000025825,OTHERS,413.8838237577189,2347.1384726537367,MIA
315968729.52282214,00000000-0000-0000-0000-000000025804,OTHERS,445.1597605706714,2354.517807101278,MIA
315968729.52282214,00000000-0000-0000-0000-000000025823,OTHERS,437.1293024220572,2347.6377053709016,MIA
315968729.52282214,00000000-0000-0000-0000-000000025732,AGENT,539.2594325701082,2354.567820996979,MIA
315968729.52282214,00000000-0000-0000-0000-000000025834,OTHERS,457.3557164020515,2355.27170831088,MIA
315968729.52282214,00000000-0000-0000-0000-000000025819,OTHERS,424.4562162654978,2343.4231456483944,MIA
315968729.6160823,00000000-0000-0000-0000-000000000000,AV,450.59351964328425,2351.8625051081963,MIA
315968729.6160823,00000000-0000-0000-0000-000000025589,OTHERS,539.6851149486793,2350.843173211042,MIA
315968729.6160823,00000000-0000-0000-0000-000000025755,OTHERS,464.8703052900889,2355.501086154649,MIA
315968729.6160823,00000000-0000-0000-0000-000000025776,OTHERS,492.6072640212732,2350.077845710839,MIA
315968729.6160823,00000000-0000-0000-0000-000000025836,OTHERS,506.1683999801943,2347.304827542871,MIA
315968729.6160823,00000000-0000-0000-0000-000000025549,OTHERS,413.4452678742279,2350.1710872602625,MIA
315968729.6160823,00000000-0000-0000-0000-000000025839,OTHERS,515.7078156555733,2351.1396356744613,MIA
315968729.6160823,00000000-0000-0000-0000-000000025835,OTHERS,395.95760228188624,2342.580171251589,MIA
315968729.6160823,00000000-0000-0000-0000-000000025732,AGENT,541.7891122891764,2354.3352659906004,MIA
315968729.6160823,00000000-0000-0000-0000-000000025834,OTHERS,457.42128343150125,2355.039278925054,MIA
315968729.6160823,00000000-0000-0000-0000-000000025797,OTHERS,473.93020080175523,2349.0019170403048,MIA
315968729.6160823,00000000-0000-0000-0000-000000025827,OTHERS,521.3412755368812,2356.5972292250917,MIA
315968729.6160823,00000000-0000-0000-0000-000000025832,OTHERS,378.70682959494866,2351.779943208406,MIA
315968729.6160823,00000000-0000-0000-0000-000000025803,OTHERS,450.51247880616637,2348.395984967622,MIA
315968729.6160823,00000000-0000-0000-0000-000000025825,OTHERS,414.5539978515184,2347.212109053073,MIA
315968729.6160823,00000000-0000-0000-0000-000000025804,OTHERS,445.18593865239126,2354.565665343943,MIA
315968729.6160823,00000000-0000-0000-0000-000000025823,OTHERS,437.79233335112974,2347.636454407967,MIA
315968729.6160823,00000000-0000-0000-0000-000000025809,OTHERS,450.7142519216282,2354.7837247582515,MIA
315968729.6160823,00000000-0000-0000-0000-000000025800,OTHERS,458.11898797576265,2355.117163960483,MIA
315968729.7194017,00000000-0000-0000-0000-000000000000,AV,449.2852193081652,2351.813542731469,MIA
315968729.7194017,00000000-0000-0000-0000-000000025589,OTHERS,539.7438736946573,2351.2017808427945,MIA
315968729.7194017,00000000-0000-0000-0000-000000025755,OTHERS,464.96397626560577,2355.477027623387,MIA
315968729.7194017,00000000-0000-0000-0000-000000025776,OTHERS,493.1676864348625,2350.138740106382,MIA
315968729.7194017,00000000-0000-0000-0000-000000025800,OTHERS,458.1723637590615,2355.127549738979,MIA
315968729.7194017,00000000-0000-0000-0000-000000025803,OTHERS,451.3584444626408,2348.4206128462456,MIA
315968729.7194017,00000000-0000-0000-0000-000000025549,OTHERS,412.37250506656613,2350.1594241395733,MIA
315968729.7194017,00000000-0000-0000-0000-000000025839,OTHERS,515.7078156555733,2351.1396356744613,MIA
315968729.7194017,00000000-0000-0000-0000-000000025836,OTHERS,506.0990424178872,2347.6685704295096,MIA
315968729.7194017,00000000-0000-0000-0000-000000025835,OTHERS,396.03493284554725,2342.570312559343,MIA
315968729.7194017,00000000-0000-0000-0000-000000025732,AGENT,542.6671584873308,2354.318888583272,MIA
315968729.7194017,00000000-0000-0000-0000-000000025834,OTHERS,457.54299638141936,2354.9554746542503,MIA
315968729.7194017,00000000-0000-0000-0000-000000025797,OTHERS,474.8055186070598,2349.1281214440282,MIA
315968729.7194017,00000000-0000-0000-0000-000000025827,OTHERS,520.5617134556659,2356.5139709779983,MIA
315968729.7194017,00000000-0000-0000-0000-000000025832,OTHERS,378.54425568568575,2351.899892615629,MIA
315968729.7194017,00000000-0000-0000-0000-000000025825,OTHERS,415.2893477713661,2347.251869909645,MIA
315968729.7194017,00000000-0000-0000-0000-000000025804,OTHERS,445.0858658778791,2354.553707855763,MIA
315968729.7194017,00000000-0000-0000-0000-000000025823,OTHERS,438.22672974695035,2347.610941234026,MIA
315968729.7194017,00000000-0000-0000-0000-000000025809,OTHERS,450.517935088164,2354.830957816738,MIA
315968729.81854266,00000000-0000-0000-0000-000000000000,AV,448.07899808928215,2351.7679598257555,MIA
315968729.81854266,00000000-0000-0000-0000-000000025589,OTHERS,539.8397068960821,2351.178332565434,MIA
315968729.81854266,00000000-0000-0000-0000-000000025755,OTHERS,465.05452577852486,2355.450750128966,MIA
315968729.81854266,00000000-0000-0000-0000-000000025776,OTHERS,494.06983782053146,2350.2522469774885,MIA
315968729.81854266,00000000-0000-0000-0000-000000025800,OTHERS,457.8824828652677,2355.040833970625,MIA
315968729.81854266,00000000-0000-0000-0000-000000025803,OTHERS,452.03207394645983,2348.473965311041,MIA
315968729.81854266,00000000-0000-0000-0000-000000025549,OTHERS,411.08117436066595,2350.187437438275,MIA
315968729.81854266,00000000-0000-0000-0000-000000025839,OTHERS,515.7078156555733,2351.1396356744613,MIA
315968729.81854266,00000000-0000-0000-0000-000000025836,OTHERS,506.0990424178872,2347.6685704295096,MIA
315968729.81854266,00000000-0000-0000-0000-000000025835,OTHERS,396.00862427554927,2342.438968009168,MIA
315968729.81854266,00000000-0000-0000-0000-000000025732,AGENT,543.5011947747042,2354.4125257263972,MIA
315968729.81854266,00000000-0000-0000-0000-000000025834,OTHERS,457.54299638141936,2354.9554746542503,MIA
315968729.81854266,00000000-0000-0000-0000-000000025797,OTHERS,475.51856624620916,2349.1137308917155,MIA
315968729.81854266,00000000-0000-0000-0000-000000025827,OTHERS,519.8185347191421,2356.308328682844,MIA
315968729.81854266,00000000-0000-0000-0000-000000025832,OTHERS,378.521914785628,2351.9270897793904,MIA
315968729.81854266,00000000-0000-0000-0000-000000025825,OTHERS,416.14308909641153,2347.2575906607576,MIA
315968729.81854266,00000000-0000-0000-0000-000000025804,OTHERS,444.9735624860119,2354.5505198421965,MIA
315968729.81854266,00000000-0000-0000-0000-000000025823,OTHERS,438.98619041819137,2347.627959782967,MIA
315968729.81854266,00000000-0000-0000-0000-000000025809,OTHERS,450.35721873641603,2354.765348500412,MIA
315968729.92243034,00000000-0000-0000-0000-000000000000,AV,446.7728494434156,2351.719101252221,MIA
315968729.92243034,00000000-0000-0000-0000-000000025589,OTHERS,540.0094473216982,2351.107979670683,MIA
315968729.92243034,00000000-0000-0000-0000-000000025755,OTHERS,464.99907832602463,2355.382914506076,MIA
315968729.92243034,00000000-0000-0000-0000-000000025776,OTHERS,494.8547581927765,2350.2413542379136,MIA
315968729.92243034,00000000-0000-0000-0000-000000025800,OTHERS,457.92115854547234,2355.061072371069,MIA
315968729.92243034,00000000-0000-0000-0000-000000025803,OTHERS,452.8635068677435,2348.426547856876,MIA
315968729.92243034,00000000-0000-0000-0000-000000025809,OTHERS,450.3581239624272,2354.822897759777,MIA
315968729.92243034,00000000-0000-0000-0000-000000025804,OTHERS,444.7737899848346,2354.540939448522,MIA
315968729.92243034,00000000-0000-0000-0000-000000025823,OTHERS,439.62442805066223,2347.638133380236,MIA
315968729.92243034,00000000-0000-0000-0000-000000025832,OTHERS,378.6476300679523,2351.9517837529293,MIA
315968729.92243034,00000000-0000-0000-0000-000000025841,OTHERS,459.55118600875846,2355.712972555393,MIA
315968729.92243034,00000000-0000-0000-0000-000000025549,OTHERS,409.9572170269785,2350.0480265655515,MIA
315968729.92243034,00000000-0000-0000-0000-000000025839,OTHERS,515.7078156555733,2351.1396356744613,MIA
315968729.92243034,00000000-0000-0000-0000-000000025836,OTHERS,506.0990424178872,2347.6685704295096,MIA
315968729.92243034,00000000-0000-0000-0000-000000025835,OTHERS,395.82420928528467,2342.297656715601,MIA
315968729.92243034,00000000-0000-0000-0000-000000025732,AGENT,543.5011947747042,2354.4125257263972,MIA
315968729.92243034,00000000-0000-0000-0000-000000025834,OTHERS,457.54299638141936,2354.9554746542503,MIA
315968729.92243034,00000000-0000-0000-0000-000000025797,OTHERS,475.7728251096395,2348.981554992083,MIA
315968729.92243034,00000000-0000-0000-0000-000000025827,OTHERS,519.1844205369716,2356.5200591646203,MIA
315968729.92243034,00000000-0000-0000-0000-000000025825,OTHERS,417.0525890567119,2347.308217430996,MIA
